Workbook
Name pe0: Parametros!$B$2
Name omega: Parametros!$B$3
Name m_: Parametros!$B$4
Name e_base: Parametros!$B$5
Name pa: Parametros!$B$6
Name sref: Parametros!$B$7
Name tope: Parametros!$B$9
Name cc_bajo: Parametros!$B$19
Name cc_alto: Parametros!$B$20
Name sv_piso: Parametros!$B$21
Name c_ds: Parametros!$B$22

Sheet Leame
A1: Curva de resistencia Leps 2.0 del desmonte ROM de Antamina: datos, cálculos y curvas (memo de Stantec, 12 de octubre de 2026)
A3: Las celdas en azul de la hoja Parametros son las entradas; todo lo demás se calcula con fórmulas a partir de ellas (nombres definidos: pe0, omega, m_, e_base, sref, tope).
A4: Leps 2.0 (Cylwik et al. 2025, Ec. 26): τ = tan(φ′e=0 − ω·e)·(10pa)^(1−m)·σ′n^m; φ′s = atan(τ/σ′n). La curva se aplica con un tope de 42° en φ′s (τ ≤ σ′n·tan 42°).
A5: Unidades: esfuerzos en MPa; ángulos en grados.
A7: Hojas:
A8: Parametros: parámetros de la curva propuesta, hipótesis de curvatura y controles con la composición del DDE y la de LE2.
A9: Ensayos: los 120 ensayos de resistencia con su uso (ajuste, contraste, no usado), esfuerzos de falla, conversión de Leps 2.0 (fórmula) y corrección a e base (Ec. 27).
A10: Figuras: las seis figuras del memo como gráficos de Excel, con la misma numeración (datos y fórmulas en Datos_figuras).
A11: Curva: curva propuesta a e base, 0.55, 0.65 y perfiles A y V; tope de 42° en todas las curvas de Leps 2.0; banda de incertidumbre (sin tope); cotas de Indraratna et al. (1993) y Hawley y Cunning (2017); recta de 37°; sensibilidad del DDE; gráficos.
A12: phi1_vs_e: φ′1 de cada ensayo y por set contra e, φ′e=0 por set y su media (el nivel de la curva), con la recta de la curva propuesta, las envolventes de Leps (1970) y la cota de Indraratna et al. (1993).
A13: Hipotesis_m: φ′s según la hipótesis de curvatura (m del intervalo al 90 % y P10–P90 entre materiales de la base mundial, y m = 1 de Antamina sola como sensibilidad).
A14: Base_mundial: los ensayos de la base de Leps 2.0 (sin los censurados, como en el memo) frente a la curva evaluada a su propia e (Δφ′s) y conteos por rango de esfuerzo.
... A22: Informe final de estudio del DDE (Stantec 2026, IFF-115-G-0001 Rev. B) para la composición de control y la sensibilidad de 33°/30°.

Sheet Figuras
B1: Figuras del memorándum, recalculadas con las fórmulas de este libro (datos en Datos_figuras). La banda y la zona gris se dibujan con segmentos verticales; el rayado, con segmentos diagonales.
B3: Figura 1. φ′1 de cada set de Antamina frente a su e0 media, y la recta de la curva propuesta
B33: Figura 2. Curva propuesta y su banda de incertidumbre, con los ensayos del ajuste y la base mundial llevados a e base
B67: Figura 3. Contraste de la curva propuesta con los triaxiales CU de desmonte ROM no usados en el ajuste
B99: Figura 4. Índice de rotura de Marsal (1967) en los triaxiales drenados del ajuste
B125: Figura 5. Curva propuesta y su banda de incertidumbre en τ–σ′n
B157: Figura 6. (a) Relación de vacíos con la profundidad; (b) ángulo de fricción secante de la curva propuesta con cada supuesto

Sheet Parametros
A1: Parámetro | B1: Valor | C1: Unidad | D1: Nota
A2: φ′e=0, curva propuesta | B2: 48.470482 | C2: ° | D2: Media de φ′1 + 20·e0 de los 13 sets con m = 0.85, todos con igual peso (a33; ver phi1_vs_e)
A3: ω | B3: 20 | C3: ° | D3: Leps 2.0, Ec. 25
A4: m (curvatura) | B4: 0.85 | C4: - | D4: Sin sesgo en los ensayos mundiales de mayor esfuerzo (a31; IC 90 % 0.834–0.862)
A5: e base de colocación | B5: 0.45 | C5: - | D5: Desmonte ROM (sección 7 del memo)
A6: pa | B6: 0.1013 | C6: MPa | D6: Presión atmosférica
A7: 10·pa | B7: =10*pa | C7: MPa | D7: Esfuerzo de referencia
A8: φ′1 a e base | B8: =pe0-omega*e_base | C8: °
A9: Tope de φ′s | B9: 42 | C9: ° | D9: Ángulo secante máximo de la curva (bajo confinamiento; sección 7 del memo)
A10: Hipótesis de curvatura
A11: Hipótesis | B11: m | C11: φ′e=0 (°) | D11: Nota | E11: φ′e=0 P5 (°) | F11: φ′e=0 P95 (°)
A12: m P90 entre materiales | B12: 0.923 | C12: 48.240359 | D12: Nivel reajustado a los ensayos de Antamina con esa m (a33) | E12: 46.562344 | F12: 50.02548
A13: m alto (IC 90 %) | B13: 0.862 | C13: 48.430519 | D13: Nivel reajustado a los ensayos de Antamina con esa m (a33) | E13: 46.513065 | F13: 50.432216
A14: Curva propuesta | B14: 0.85 | C14: 48.470482 | D14: Nivel reajustado a los ensayos de Antamina con esa m (a33) | E14: 46.356522 | F14: 50.526617
A15: m bajo (IC 90 %) | B15: 0.834 | C15: 48.525148 | D15: Nivel reajustado a los ensayos de Antamina con esa m (a33) | E15: 46.398205 | F15: 50.633824
A16: m P10 entre materiales | B16: 0.787 | C16: 48.695345 | D16: Nivel reajustado a los ensayos de Antamina con esa m (a33) | E16: 46.30384 | F16: 51.124124
A17: Antamina sola (m = 1), sensibilidad | B17: 1 | C17: 48.028927 | D17: Nivel reajustado a los ensayos de Antamina con esa m (a33) | E17: 46.493273 | F17: 49.642245
A19: Cc perfil A, 0.2–0.8 MPa | B19: 0.074743382 | C19: - | D19: Edómetro de mármol suelto (a13)
A20: Cc perfil A, 1.2–4.8 MPa | B20: 0.11456125 | C20: - | D20: Edómetro de mármol suelto (a13)
A21: σ′v mínima de la ley del perfil A | B21: 0.05 | C21: MPa | D21: a13
A22: Peso del residuo del corte directo | B22: 1.6445849 | C22: - | D22: Iguala la sensibilidad al ángulo de ln q y ln τ (a9)
A23: Control: φ′e=0 con la composición del DDE (44/56) | B23: 48.421844 | C23: ° | D23: IFF-115-G-0001 Rev. B, Tabla 3-1: intrusivo y exoskarn 44 %, hornfels y mármol 56 % (repartido por igual)
A24: Control: φ′e=0 con la composición de LE2 | B24: 47.089939 | C24: ° | D24: MR2024, períodos ≥2035: mármol 37.8 %, hornfels 15.5 %, intrusivo 17.0 %, caliza y margas 29.6 % (sin ensayos; asimiladas al mármol)

Sheet Ensayos
A1: Fuente | B1: Set | C1: Ensayo (id) | D1: Litología | E1: Tipo | F1: Uso | G1: Motivo | H1: D (m) | I1: Dmax (mm) | J1: e0 | K1: σ′3 (MPa) | L1: σ′1 (MPa) | M1: σ′n (MPa) | N1: τ (MPa) | O1: φ′s (°) | P1: φ′s a e base (°) | Q1: φ′s predicha por la curva (mismo σ′n y e0 del ensayo) (°) | R1: Δφ′s ensayo − curva (°) | S1: εa (%) | T1: Criterio de falla | U1: Página | V1: φ′1 del ensayo a su e0 (°) | W1: φ′1 del ensayo a e base (°)
A2: G2012 | B2: G2012-MN-C | C2: Test 1 / Probeta 1 (σ'c = 5 kg/cm²) | D2: Mármol | E2: Triaxial CD | F2: Ajuste de la curva propuesta | H2: 1 | I2: 177.8 | J2: 0.31196845 | K2: 0.4903 | L2: 2.2712 | M2: =(L2+K2)/2-(L2-K2)/2*((SQRT(4*m_*(m_-1)*(L2-K2)^2+(L2+K2)^2)-(L2+K2))/(2*(m_-1)*(L2-K2))) | N2: =(L2-K2)/2*SQRT(1-((SQRT(4*m_*(m_-1)*(L2-K2)^2+(L2+K2)^2)-(L2+K2))/(2*(m_-1)*(L2-K2)))^2) | O2: =DEGREES(ATAN(N2/M2)) | P2: =O2-omega*(e_base-J2) | Q2: =DEGREES(ATAN(TAN(RADIANS(pe0-omega*J2))*(M2/sref)^(m_-1))) | R2: =O2-Q2 | S2: 17.27 | T2: CD: máximo desviador | U2: 7;29;27;28;17;10 | V2: =DEGREES(ATAN(TAN(RADIANS(O2))*(M2/sref)^(1-m_))) | W2: =V2-omega*(e_base-J2)
A3: G2012 | B3: G2012-MN-C | C3: Test 2 / Probeta 2 (σ'c = 5 kg/cm²) | D3: Mármol | E3: Triaxial CD | F3: Ajuste de la curva propuesta | H3: 1 | I3: 177.8 | J3: 0.31196845 | K3: 0.4903 | L3: 2.1928 | M3: =(L3+K3)/2-(L3-K3)/2*((SQRT(4*m_*(m_-1)*(L3-K3)^2+(L3+K3)^2)-(L3+K3))/(2*(m_-1)*(L3-K3))) | N3: =(L3-K3)/2*SQRT(1-((SQRT(4*m_*(m_-1)*(L3-K3)^2+(L3+K3)^2)-(L3+K3))/(2*(m_-1)*(L3-K3)))^2) | O3: =DEGREES(ATAN(N3/M3)) | P3: =O3-omega*(e_base-J3) | Q3: =DEGREES(ATAN(TAN(RADIANS(pe0-omega*J3))*(M3/sref)^(m_-1))) | R3: =O3-Q3 | S3: 18.26 | T3: CD: máximo desviador | U3: 7;40;27;28;17;10 | V3: =DEGREES(ATAN(TAN(RADIANS(O3))*(M3/sref)^(1-m_))) | W3: =V3-omega*(e_base-J3)
A4: G2012 | B4: G2012-MN-C | C4: Test 3 / Probeta 3 (σ'c = 10 kg/cm²) | D4: Mármol | E4: Triaxial CD | F4: Ajuste de la curva propuesta | H4: 1 | I4: 177.8 | J4: 0.31196845 | K4: 0.9807 | L4: 3.8972 | M4: =(L4+K4)/2-(L4-K4)/2*((SQRT(4*m_*(m_-1)*(L4-K4)^2+(L4+K4)^2)-(L4+K4))/(2*(m_-1)*(L4-K4))) | N4: =(L4-K4)/2*SQRT(1-((SQRT(4*m_*(m_-1)*(L4-K4)^2+(L4+K4)^2)-(L4+K4))/(2*(m_-1)*(L4-K4)))^2) | O4: =DEGREES(ATAN(N4/M4)) | P4: =O4-omega*(e_base-J4) | Q4: =DEGREES(ATAN(TAN(RADIANS(pe0-omega*J4))*(M4/sref)^(m_-1))) | R4: =O4-Q4 | S4: 18 | T4: CD: máximo desviador | U4: 7;52;27;28;17;10 | V4: =DEGREES(ATAN(TAN(RADIANS(O4))*(M4/sref)^(1-m_))) | W4: =V4-omega*(e_base-J4)
A5: G2012 | B5: G2012-MN-C | C5: Test 4 / Probeta 4 (σ'c = 20 kg/cm²) | D5: Mármol | E5: Triaxial CD | F5: Ajuste de la curva propuesta | H5: 1 | I5: 177.8 | J5: 0.31196845 | K5: 1.9613 | L5: 7.7786 | M5: =(L5+K5)/2-(L5-K5)/2*((SQRT(4*m_*(m_-1)*(L5-K5)^2+(L5+K5)^2)-(L5+K5))/(2*(m_-1)*(L5-K5))) | N5: =(L5-K5)/2*SQRT(1-((SQRT(4*m_*(m_-1)*(L5-K5)^2+(L5+K5)^2)-(L5+K5))/(2*(m_-1)*(L5-K5)))^2) | O5: =DEGREES(ATAN(N5/M5)) | P5: =O5-omega*(e_base-J5) | Q5: =DEGREES(ATAN(TAN(RADIANS(pe0-omega*J5))*(M5/sref)^(m_-1))) | R5: =O5-Q5 | S5: 19.59 | T5: CD: máximo desviador | U5: 7;55;27;28;17;10 | V5: =DEGREES(ATAN(TAN(RADIANS(O5))*(M5/sref)^(1-m_))) | W5: =V5-omega*(e_base-J5)
A6: G2012 | B6: G2012-MN-C | C6: Test 5 / Probeta 5 (σ'c = 20 kg/cm²) | D6: Mármol | E6: Triaxial CD | F6: Ajuste de la curva propuesta | H6: 1 | I6: 177.8 | J6: 0.31196845 | K6: 1.9613 | L6: 8.2905 | M6: =(L6+K6)/2-(L6-K6)/2*((SQRT(4*m_*(m_-1)*(L6-K6)^2+(L6+K6)^2)-(L6+K6))/(2*(m_-1)*(L6-K6))) | N6: =(L6-K6)/2*SQRT(1-((SQRT(4*m_*(m_-1)*(L6-K6)^2+(L6+K6)^2)-(L6+K6))/(2*(m_-1)*(L6-K6)))^2) | O6: =DEGREES(ATAN(N6/M6)) | P6: =O6-omega*(e_base-J6) | Q6: =DEGREES(ATAN(TAN(RADIANS(pe0-omega*J6))*(M6/sref)^(m_-1))) | R6: =O6-Q6 | S6: 17.78 | T6: CD: máximo desviador | U6: 7;70;27;28;17;10 | V6: =DEGREES(ATAN(TAN(RADIANS(O6))*(M6/sref)^(1-m_))) | W6: =V6-omega*(e_base-J6)
A7: G2021 | B7: G21-DESM-COMP | C7: II0471-E1 | D7: Mezcla | E7: Triaxial CD | F7: Ajuste de la curva propuesta | H7: 0.1524 | I7: 25.4 | J7: 0.32227338 | K7: 0.098 | L7: 0.381 | M7: =(L7+K7)/2-(L7-K7)/2*((SQRT(4*m_*(m_-1)*(L7-K7)^2+(L7+K7)^2)-(L7+K7))/(2*(m_-1)*(L7-K7))) | N7: =(L7-K7)/2*SQRT(1-((SQRT(4*m_*(m_-1)*(L7-K7)^2+(L7+K7)^2)-(L7+K7))/(2*(m_-1)*(L7-K7)))^2) | O7: =DEGREES(ATAN(N7/M7)) | P7: =O7-omega*(e_base-J7) | Q7: =DEGREES(ATAN(TAN(RADIANS(pe0-omega*J7))*(M7/sref)^(m_-1))) | R7: =O7-Q7 | S7: 3.99 | T7: CD: máximo desviador | U7: 20;108;46 | V7: =DEGREES(ATAN(TAN(RADIANS(O7))*(M7/sref)^(1-m_))) | W7: =V7-omega*(e_base-J7)
A8: G2021 | B8: G21-DESM-COMP | C8: II0471-E2 | D8: Mezcla | E8: Triaxial CD | F8: Ajuste de la curva propuesta | H8: 0.1524 | I8: 25.4 | J8: 0.32227338 | K8: 0.399 | L8: 1.917 | M8: =(L8+K8)/2-(L8-K8)/2*((SQRT(4*m_*(m_-1)*(L8-K8)^2+(L8+K8)^2)-(L8+K8))/(2*(m_-1)*(L8-K8))) | N8: =(L8-K8)/2*SQRT(1-((SQRT(4*m_*(m_-1)*(L8-K8)^2+(L8+K8)^2)-(L8+K8))/(2*(m_-1)*(L8-K8)))^2) | O8: =DEGREES(ATAN(N8/M8)) | P8: =O8-omega*(e_base-J8) | Q8: =DEGREES(ATAN(TAN(RADIANS(pe0-omega*J8))*(M8/sref)^(m_-1))) | R8: =O8-Q8 | S8: 20.21 | T8: CD: máximo desviador | U8: 20;109;46 | V8: =DEGREES(ATAN(TAN(RADIANS(O8))*(M8/sref)^(1-m_))) | W8: =V8-omega*(e_base-J8)
A9: G2021 | B9: G21-DESM-COMP | C9: II0471-E3 | D9: Mezcla | E9: Triaxial CD | F9: Ajuste de la curva propuesta | H9: 0.1524 | I9: 25.4 | J9: 0.3235653 | K9: 1.2 | L9: 5.847 | M9: =(L9+K9)/2-(L9-K9)/2*((SQRT(4*m_*(m_-1)*(L9-K9)^2+(L9+K9)^2)-(L9+K9))/(2*(m_-1)*(L9-K9))) | N9: =(L9-K9)/2*SQRT(1-((SQRT(4*m_*(m_-1)*(L9-K9)^2+(L9+K9)^2)-(L9+K9))/(2*(m_-1)*(L9-K9)))^2) | O9: =DEGREES(ATAN(N9/M9)) | P9: =O9-omega*(e_base-J9) | Q9: =DEGREES(ATAN(TAN(RADIANS(pe0-omega*J9))*(M9/sref)^(m_-1))) | R9: =O9-Q9 | S9: 12.09 | T9: CD: máximo desviador | U9: 20;110;46 | V9: =DEGREES(ATAN(TAN(RADIANS(O9))*(M9/sref)^(1-m_))) | W9: =V9-omega*(e_base-J9)
A10: W2022 | B10: HF-1.0m-IDIEM-mono | C10: Tabla 3 Hornfels Probeta 1 = IDIEM 1.555.677-B.2 PROBETA 1 | D10: Hornfels | E10: Triaxial CD | F10: Ajuste de la curva propuesta | H10: 1 | I10: 177.8 | J10: 0.33173131 | K10: 0.981 | L10: 4.878 | M10: =(L10+K10)/2-(L10-K10)/2*((SQRT(4*m_*(m_-1)*(L10-K10)^2+(L10+K10)^2)-(L10+K10))/(2*(m_-1)*(L10-K10))) | N10: =(L10-K10)/2*SQRT(1-((SQRT(4*m_*(m_-1)*(L10-K10)^2+(L10+K10)^2)-(L10+K10))/(2*(m_-1)*(L10-K10)))^2) | O10: =DEGREES(ATAN(N10/M10)) | P10: =O10-omega*(e_base-J10) | Q10: =DEGREES(ATAN(TAN(RADIANS(pe0-omega*J10))*(M10/sref)^(m_-1))) | R10: =O10-Q10 | S10: 13.13 | T10: CD: máximo desviador | U10: 10;233-236;62-63;41 | V10: =DEGREES(ATAN(TAN(RADIANS(O10))*(M10/sref)^(1-m_))) | W10: =V10-omega*(e_base-J10)
A11: W2022 | B11: HF-1.0m-IDIEM-mono | C11: Tabla 3 Hornfels Probeta 2 = IDIEM 1.555.677-B.2 PROBETA 2 | D11: Hornfels | E11: Triaxial CD | F11: Ajuste de la curva propuesta | H11: 1 | I11: 177.8 | J11: 0.33173131 | K11: 1.961 | L11: 11.021 | M11: =(L11+K11)/2-(L11-K11)/2*((SQRT(4*m_*(m_-1)*(L11-K11)^2+(L11+K11)^2)-(L11+K11))/(2*(m_-1)*(L11-K11))) | N11: =(L11-K11)/2*SQRT(1-((SQRT(4*m_*(m_-1)*(L11-K11)^2+(L11+K11)^2)-(L11+K11))/(2*(m_-1)*(L11-K11)))^2) | O11: =DEGREES(ATAN(N11/M11)) | P11: =O11-omega*(e_base-J11) | Q11: =DEGREES(ATAN(TAN(RADIANS(pe0-omega*J11))*(M11/sref)^(m_-1))) | R11: =O11-Q11 | S11: 19.04 | T11: CD: máximo desviador | U11: 10;238-243;62-63;41 | V11: =DEGREES(ATAN(TAN(RADIANS(O11))*(M11/sref)^(1-m_))) | W11: =V11-omega*(e_base-J11)
A12: W2022 | B12: HF-1.0m-IDIEM-mono | C12: Tabla 3 Hornfels Probeta 3 = IDIEM 1.555.677-B.2 PROBETA 3 | D12: Hornfels | E12: Triaxial CD | F12: Ajuste de la curva propuesta | H12: 1 | I12: 177.8 | J12: 0.33173131 | K12: 2.452 | L12: 14.382 | M12: =(L12+K12)/2-(L12-K12)/2*((SQRT(4*m_*(m_-1)*(L12-K12)^2+(L12+K12)^2)-(L12+K12))/(2*(m_-1)*(L12-K12))) | N12: =(L12-K12)/2*SQRT(1-((SQRT(4*m_*(m_-1)*(L12-K12)^2+(L12+K12)^2)-(L12+K12))/(2*(m_-1)*(L12-K12)))^2) | O12: =DEGREES(ATAN(N12/M12)) | P12: =O12-omega*(e_base-J12) | Q12: =DEGREES(ATAN(TAN(RADIANS(pe0-omega*J12))*(M12/sref)^(m_-1))) | R12: =O12-Q12 | S12: 17.83 | T12: CD: máximo desviador | U12: 10;245-250;62-63;41 | V12: =DEGREES(ATAN(TAN(RADIANS(O12))*(M12/sref)^(1-m_))) | W12: =V12-omega*(e_base-J12)
A13: W2022 | B13: HF-1.0m-IDIEM-cd | C13: Tabla 3 Hornfels Probeta 4 = IDIEM 1.555.677-E PROBETA 1 | D13: Hornfels | E13: Triaxial CD carga-descarga | F13: Ajuste de la curva propuesta | H13: 1 | I13: 177.8 | J13: 0.35743023 | K13: 0.981 | L13: 4.801 | M13: =(L13+K13)/2-(L13-K13)/2*((SQRT(4*m_*(m_-1)*(L13-K13)^2+(L13+K13)^2)-(L13+K13))/(2*(m_-1)*(L13-K13))) | N13: =(L13-K13)/2*SQRT(1-((SQRT(4*m_*(m_-1)*(L13-K13)^2+(L13+K13)^2)-(L13+K13))/(2*(m_-1)*(L13-K13)))^2) | O13: =DEGREES(ATAN(N13/M13)) | P13: =O13-omega*(e_base-J13) | Q13: =DEGREES(ATAN(TAN(RADIANS(pe0-omega*J13))*(M13/sref)^(m_-1))) | R13: =O13-Q13 | S13: 19.15 | T13: CD: máximo desviador | U13: 10;106-117;62-63;41 | V13: =DEGREES(ATAN(TAN(RADIANS(O13))*(M13/sref)^(1-m_))) | W13: =V13-omega*(e_base-J13)
... A23: I2025 | B23: Codisposal 1 (100% Intrusivo) | C23: Probeta 3 | D23: Intrusivo | E23: Triaxial CD | F23: Ajuste de la curva propuesta | H23: 1 | I23: 177.8 | J23: 0.28958641 | K23: 1.9613 | L23: 8.6867 | M23: =(L23+K23)/2-(L23-K23)/2*((SQRT(4*m_*(m_-1)*(L23-K23)^2+(L23+K23)^2)-(L23+K23))/(2*(m_-1)*(L23-K23))) | N23: =(L23-K23)/2*SQRT(1-((SQRT(4*m_*(m_-1)*(L23-K23)^2+(L23+K23)^2)-(L23+K23))/(2*(m_-1)*(L23-K23)))^2) | O23: =DEGREES(ATAN(N23/M23)) | P23: =O23-omega*(e_base-J23) | Q23: =DEGREES(ATAN(TAN(RADIANS(pe0-omega*J23))*(M23/sref)^(m_-1))) | R23: =O23-Q23 | S23: 11.18 | T23: CD: máximo desviador | U23: 22-27;28;8;29 | V23: =DEGREES(ATAN(TAN(RADIANS(O23))*(M23/sref)^(1-m_))) | W23: =V23-omega*(e_base-J23)
A24: A2024DS | B24: Ruma 02 | C24: LSDS Ruma 02 (H-1 al H-12) σn=300 | D24: Hornfels | E24: Corte directo CD | F24: Ajuste de la curva propuesta | H24: 0.31 | I24: 25.4 | J24: 0.33166667 | M24: 0.3 | N24: 0.2557 | O24: =DEGREES(ATAN(N24/M24)) | P24: =O24-omega*(e_base-J24) | Q24: =DEGREES(ATAN(TAN(RADIANS(pe0-omega*J24))*(M24/sref)^(m_-1))) | R24: =O24-Q24 | T24: CD: τ pico | V24: =DEGREES(ATAN(TAN(RADIANS(O24))*(M24/sref)^(1-m_))) | W24: =V24-omega*(e_base-J24)
A25: A2024DS | B25: Ruma 02 | C25: LSDS Ruma 02 (H-1 al H-12) σn=600 | D25: Hornfels | E25: Corte directo CD | F25: Ajuste de la curva propuesta | H25: 0.31 | I25: 25.4 | J25: 0.33166667 | M25: 0.6 | N25: 0.4761 | O25: =DEGREES(ATAN(N25/M25)) | P25: =O25-omega*(e_base-J25) | Q25: =DEGREES(ATAN(TAN(RADIANS(pe0-omega*J25))*(M25/sref)^(m_-1))) | R25: =O25-Q25 | T25: CD: τ pico | V25: =DEGREES(ATAN(TAN(RADIANS(O25))*(M25/sref)^(1-m_))) | W25: =V25-omega*(e_base-J25)
A26: A2024DS | B26: Ruma 02 | C26: LSDS Ruma 02 (H-1 al H-12) σn=1200 | D26: Hornfels | E26: Corte directo CD | F26: Ajuste de la curva propuesta | H26: 0.31 | I26: 25.4 | J26: 0.33166667 | M26: 1.2 | N26: 0.9981 | O26: =DEGREES(ATAN(N26/M26)) | P26: =O26-omega*(e_base-J26) | Q26: =DEGREES(ATAN(TAN(RADIANS(pe0-omega*J26))*(M26/sref)^(m_-1))) | R26: =O26-Q26 | T26: CD: τ pico | V26: =DEGREES(ATAN(TAN(RADIANS(O26))*(M26/sref)^(1-m_))) | W26: =V26-omega*(e_base-J26)
A27: A2024DS | B27: Ruma 03 / Fase 10 A | C27: LSDS Ruma 03 / Fase 10 A (I-1 al I-12) σn=300 | D27: Intrusivo | E27: Corte directo CD | F27: Ajuste de la curva propuesta | H27: 0.31 | I27: 25.4 | J27: 0.40968246 | M27: 0.3 | N27: 0.2281 | O27: =DEGREES(ATAN(N27/M27)) | P27: =O27-omega*(e_base-J27) | Q27: =DEGREES(ATAN(TAN(RADIANS(pe0-omega*J27))*(M27/sref)^(m_-1))) | R27: =O27-Q27 | T27: CD: τ pico | V27: =DEGREES(ATAN(TAN(RADIANS(O27))*(M27/sref)^(1-m_))) | W27: =V27-omega*(e_base-J27)
A28: A2024DS | B28: Ruma 03 / Fase 10 A | C28: LSDS Ruma 03 / Fase 10 A (I-1 al I-12) σn=600 | D28: Intrusivo | E28: Corte directo CD | F28: Ajuste de la curva propuesta | H28: 0.31 | I28: 25.4 | J28: 0.40968246 | M28: 0.6 | N28: 0.4681 | O28: =DEGREES(ATAN(N28/M28)) | P28: =O28-omega*(e_base-J28) | Q28: =DEGREES(ATAN(TAN(RADIANS(pe0-omega*J28))*(M28/sref)^(m_-1))) | R28: =O28-Q28 | T28: CD: τ pico | V28: =DEGREES(ATAN(TAN(RADIANS(O28))*(M28/sref)^(1-m_))) | W28: =V28-omega*(e_base-J28)
A29: A2024DS | B29: Ruma 03 / Fase 10 A | C29: LSDS Ruma 03 / Fase 10 A (I-1 al I-12) σn=1200 | D29: Intrusivo | E29: Corte directo CD | F29: Ajuste de la curva propuesta | H29: 0.31 | I29: 25.4 | J29: 0.40968246 | M29: 1.2 | N29: 0.9451 | O29: =DEGREES(ATAN(N29/M29)) | P29: =O29-omega*(e_base-J29) | Q29: =DEGREES(ATAN(TAN(RADIANS(pe0-omega*J29))*(M29/sref)^(m_-1))) | R29: =O29-Q29 | T29: CD: τ pico | V29: =DEGREES(ATAN(TAN(RADIANS(O29))*(M29/sref)^(1-m_))) | W29: =V29-omega*(e_base-J29)
A30: A2024DS | B30: Ruma 01 | C30: LSDS Ruma 01 (M-1 al M-13) σn=300 | D30: Mármol | E30: Corte directo CD | F30: Ajuste de la curva propuesta | H30: 0.31 | I30: 25.4 | J30: 0.26202474 | M30: 0.3 | N30: 0.2195 | O30: =DEGREES(ATAN(N30/M30)) | P30: =O30-omega*(e_base-J30) | Q30: =DEGREES(ATAN(TAN(RADIANS(pe0-omega*J30))*(M30/sref)^(m_-1))) | R30: =O30-Q30 | T30: CD: τ pico | V30: =DEGREES(ATAN(TAN(RADIANS(O30))*(M30/sref)^(1-m_))) | W30: =V30-omega*(e_base-J30)
A31: A2024DS | B31: Ruma 01 | C31: LSDS Ruma 01 (M-1 al M-13) σn=600 | D31: Mármol | E31: Corte directo CD | F31: Ajuste de la curva propuesta | H31: 0.31 | I31: 25.4 | J31: 0.26202474 | M31: 0.6 | N31: 0.4695 | O31: =DEGREES(ATAN(N31/M31)) | P31: =O31-omega*(e_base-J31) | Q31: =DEGREES(ATAN(TAN(RADIANS(pe0-omega*J31))*(M31/sref)^(m_-1))) | R31: =O31-Q31 | T31: CD: τ pico | V31: =DEGREES(ATAN(TAN(RADIANS(O31))*(M31/sref)^(1-m_))) | W31: =V31-omega*(e_base-J31)
A32: A2024DS | B32: Ruma 01 | C32: LSDS Ruma 01 (M-1 al M-13) σn=1200 | D32: Mármol | E32: Corte directo CD | F32: Ajuste de la curva propuesta | H32: 0.31 | I32: 25.4 | J32: 0.26202474 | M32: 1.2 | N32: 0.9843 | O32: =DEGREES(ATAN(N32/M32)) | P32: =O32-omega*(e_base-J32) | Q32: =DEGREES(ATAN(TAN(RADIANS(pe0-omega*J32))*(M32/sref)^(m_-1))) | R32: =O32-Q32 | T32: CD: τ pico | V32: =DEGREES(ATAN(TAN(RADIANS(O32))*(M32/sref)^(1-m_))) | W32: =V32-omega*(e_base-J32)
A33: A2024DS | B33: Pila 01 (Mármol + Hornfels) | C33: LSDS Pila 01 (Mármol + Hornfels) σn=300 | D33: Mezcla | E33: Corte directo CD | F33: Ajuste de la curva propuesta | H33: 0.31 | I33: 25.4 | J33: 0.32557307 | M33: 0.3 | N33: 0.3563 | O33: =DEGREES(ATAN(N33/M33)) | P33: =O33-omega*(e_base-J33) | Q33: =DEGREES(ATAN(TAN(RADIANS(pe0-omega*J33))*(M33/sref)^(m_-1))) | R33: =O33-Q33 | T33: CD: τ pico | V33: =DEGREES(ATAN(TAN(RADIANS(O33))*(M33/sref)^(1-m_))) | W33: =V33-omega*(e_base-J33)
A34: A2024DS | B34: Pila 01 (Mármol + Hornfels) | C34: LSDS Pila 01 (Mármol + Hornfels) σn=600 | D34: Mezcla | E34: Corte directo CD | F34: Ajuste de la curva propuesta | H34: 0.31 | I34: 25.4 | J34: 0.32557307 | M34: 0.6 | N34: 0.6253 | O34: =DEGREES(ATAN(N34/M34)) | P34: =O34-omega*(e_base-J34) | Q34: =DEGREES(ATAN(TAN(RADIANS(pe0-omega*J34))*(M34/sref)^(m_-1))) | R34: =O34-Q34 | T34: CD: τ pico | V34: =DEGREES(ATAN(TAN(RADIANS(O34))*(M34/sref)^(1-m_))) | W34: =V34-omega*(e_base-J34)
A35: A2024DS | B35: Pila 01 (Mármol + Hornfels) | C35: LSDS Pila 01 (Mármol + Hornfels) σn=1000 | D35: Mezcla | E35: Corte directo CD | F35: Ajuste de la curva propuesta | H35: 0.31 | I35: 25.4 | J35: 0.32557307 | M35: 1 | N35: 0.9473 | O35: =DEGREES(ATAN(N35/M35)) | P35: =O35-omega*(e_base-J35) | Q35: =DEGREES(ATAN(TAN(RADIANS(pe0-omega*J35))*(M35/sref)^(m_-1))) | R35: =O35-Q35 | T35: CD: τ pico | V35: =DEGREES(ATAN(TAN(RADIANS(O35))*(M35/sref)^(1-m_))) | W35: =V35-omega*(e_base-J35)
... A38: A2024DS | B38: Pila 02 (Intrusivo) | C38: LSDS Pila 02 (Intrusivo) σn=1200 | D38: Intrusivo | E38: Corte directo CD | F38: Ajuste de la curva propuesta | H38: 0.31 | I38: 25.4 | J38: 0.47897324 | M38: 1.2 | N38: 1.0192 | O38: =DEGREES(ATAN(N38/M38)) | P38: =O38-omega*(e_base-J38) | Q38: =DEGREES(ATAN(TAN(RADIANS(pe0-omega*J38))*(M38/sref)^(m_-1))) | R38: =O38-Q38 | T38: CD: τ pico | V38: =DEGREES(ATAN(TAN(RADIANS(O38))*(M38/sref)^(1-m_))) | W38: =V38-omega*(e_base-J38)
A39: G2010 | B39: G2010-A-MN-2.8in | C39: GL-481-09 Prueba Nº 1 (σ3c=324 kPa) | D39: Mármol | E39: Triaxial CU | F39: Contraste | G39: triaxial no drenado (CU), máximo desviador | H39: 0.0714 | I39: 9.5 | J39: 0.29 | K39: 0.619 | L39: 2.838 | M39: =(L39+K39)/2-(L39-K39)/2*((SQRT(4*m_*(m_-1)*(L39-K39)^2+(L39+K39)^2)-(L39+K39))/(2*(m_-1)*(L39-K39))) | N39: =(L39-K39)/2*SQRT(1-((SQRT(4*m_*(m_-1)*(L39-K39)^2+(L39+K39)^2)-(L39+K39))/(2*(m_-1)*(L39-K39)))^2) | O39: =DEGREES(ATAN(N39/M39)) | P39: =O39-omega*(e_base-J39) | Q39: =DEGREES(ATAN(TAN(RADIANS(pe0-omega*J39))*(M39/sref)^(m_-1))) | R39: =O39-Q39 | S39: 8.3 | T39: CU: máximo desviador (la fuente no permite máxima oblicuidad) | U39: 82;84;8;9;49 | V39: =DEGREES(ATAN(TAN(RADIANS(O39))*(M39/sref)^(1-m_))) | W39: =V39-omega*(e_base-J39)
A40: G2010 | B40: G2010-A-MN-2.8in | C40: GL-481-09 Prueba Nº 2 (σ3c=788 kPa) | D40: Mármol | E40: Triaxial CU | F40: Contraste | G40: triaxial no drenado (CU), máximo desviador | H40: 0.0715 | I40: 9.5 | J40: 0.295 | K40: 0.717 | L40: 3.111 | M40: =(L40+K40)/2-(L40-K40)/2*((SQRT(4*m_*(m_-1)*(L40-K40)^2+(L40+K40)^2)-(L40+K40))/(2*(m_-1)*(L40-K40))) | N40: =(L40-K40)/2*SQRT(1-((SQRT(4*m_*(m_-1)*(L40-K40)^2+(L40+K40)^2)-(L40+K40))/(2*(m_-1)*(L40-K40)))^2) | O40: =DEGREES(ATAN(N40/M40)) | P40: =O40-omega*(e_base-J40) | Q40: =DEGREES(ATAN(TAN(RADIANS(pe0-omega*J40))*(M40/sref)^(m_-1))) | R40: =O40-Q40 | S40: 7.6 | T40: CU: máximo desviador (la fuente no permite máxima oblicuidad) | U40: 82;84;8;9;49 | V40: =DEGREES(ATAN(TAN(RADIANS(O40))*(M40/sref)^(1-m_))) | W40: =V40-omega*(e_base-J40)
A41: G2010 | B41: G2010-A-MN-2.8in | C41: GL-481-09 Prueba Nº 3 (σ3c=1570 kPa) | D41: Mármol | E41: Triaxial CU | F41: Contraste | G41: triaxial no drenado (CU), máximo desviador | H41: 0.0714 | I41: 9.5 | J41: 0.29 | K41: 0.869 | L41: 3.606 | M41: =(L41+K41)/2-(L41-K41)/2*((SQRT(4*m_*(m_-1)*(L41-K41)^2+(L41+K41)^2)-(L41+K41))/(2*(m_-1)*(L41-K41))) | N41: =(L41-K41)/2*SQRT(1-((SQRT(4*m_*(m_-1)*(L41-K41)^2+(L41+K41)^2)-(L41+K41))/(2*(m_-1)*(L41-K41)))^2) | O41: =DEGREES(ATAN(N41/M41)) | P41: =O41-omega*(e_base-J41) | Q41: =DEGREES(ATAN(TAN(RADIANS(pe0-omega*J41))*(M41/sref)^(m_-1))) | R41: =O41-Q41 | S41: 5.3 | T41: CU: máximo desviador (la fuente no permite máxima oblicuidad) | U41: 82;84;8;9;49 | V41: =DEGREES(ATAN(TAN(RADIANS(O41))*(M41/sref)^(1-m_))) | W41: =V41-omega*(e_base-J41)
A42: G2010 | B42: G2010-A-HG-2.8in | C42: GL-482-09 Prueba Nº 1 (σ3c=393 kPa) | D42: Hornfels | E42: Triaxial CU | F42: Contraste | G42: triaxial no drenado (CU), máximo desviador | H42: 0.0717 | I42: 9.5 | J42: 0.377 | K42: 0.216 | L42: 0.922 | M42: =(L42+K42)/2-(L42-K42)/2*((SQRT(4*m_*(m_-1)*(L42-K42)^2+(L42+K42)^2)-(L42+K42))/(2*(m_-1)*(L42-K42))) | N42: =(L42-K42)/2*SQRT(1-((SQRT(4*m_*(m_-1)*(L42-K42)^2+(L42+K42)^2)-(L42+K42))/(2*(m_-1)*(L42-K42)))^2) | O42: =DEGREES(ATAN(N42/M42)) | P42: =O42-omega*(e_base-J42) | Q42: =DEGREES(ATAN(TAN(RADIANS(pe0-omega*J42))*(M42/sref)^(m_-1))) | R42: =O42-Q42 | S42: 1.9 | T42: CU: máximo desviador (la fuente no permite máxima oblicuidad) | U42: 87;89;8;9;49 | V42: =DEGREES(ATAN(TAN(RADIANS(O42))*(M42/sref)^(1-m_))) | W42: =V42-omega*(e_base-J42)
A43: G2010 | B43: G2010-A-HG-2.8in | C43: GL-482-09 Prueba Nº 2 (σ3c=786 kPa) | D43: Hornfels | E43: Triaxial CU | F43: Contraste | G43: triaxial no drenado (CU), máximo desviador | H43: 0.0717 | I43: 9.5 | J43: 0.377 | K43: 0.303 | L43: 1.207 | M43: =(L43+K43)/2-(L43-K43)/2*((SQRT(4*m_*(m_-1)*(L43-K43)^2+(L43+K43)^2)-(L43+K43))/(2*(m_-1)*(L43-K43))) | N43: =(L43-K43)/2*SQRT(1-((SQRT(4*m_*(m_-1)*(L43-K43)^2+(L43+K43)^2)-(L43+K43))/(2*(m_-1)*(L43-K43)))^2) | O43: =DEGREES(ATAN(N43/M43)) | P43: =O43-omega*(e_base-J43) | Q43: =DEGREES(ATAN(TAN(RADIANS(pe0-omega*J43))*(M43/sref)^(m_-1))) | R43: =O43-Q43 | S43: 1.8 | T43: CU: máximo desviador (la fuente no permite máxima oblicuidad) | U43: 87;89;8;9;49 | V43: =DEGREES(ATAN(TAN(RADIANS(O43))*(M43/sref)^(1-m_))) | W43: =V43-omega*(e_base-J43)
A44: G2010 | B44: G2010-A-HG-2.8in | C44: GL-482-09 Prueba Nº 3 (σ3c=1577 kPa) | D44: Hornfels | E44: Triaxial CU | F44: Contraste | G44: triaxial no drenado (CU), máximo desviador | H44: 0.0717 | I44: 9.5 | J44: 0.377 | K44: 0.535 | L44: 2.071 | M44: =(L44+K44)/2-(L44-K44)/2*((SQRT(4*m_*(m_-1)*(L44-K44)^2+(L44+K44)^2)-(L44+K44))/(2*(m_-1)*(L44-K44))) | N44: =(L44-K44)/2*SQRT(1-((SQRT(4*m_*(m_-1)*(L44-K44)^2+(L44+K44)^2)-(L44+K44))/(2*(m_-1)*(L44-K44)))^2) | O44: =DEGREES(ATAN(N44/M44)) | P44: =O44-omega*(e_base-J44) | Q44: =DEGREES(ATAN(TAN(RADIANS(pe0-omega*J44))*(M44/sref)^(m_-1))) | R44: =O44-Q44 | S44: 2.5 | T44: CU: máximo desviador (la fuente no permite máxima oblicuidad) | U44: 87;89;8;9;49 | V44: =DEGREES(ATAN(TAN(RADIANS(O44))*(M44/sref)^(1-m_))) | W44: =V44-omega*(e_base-J44)
A45: G2010 | B45: G2010-A-INT-2.8in | C45: GL-483-09 Prueba Nº 1 (σ3c=394 kPa) | D45: Intrusivo | E45: Triaxial CU | F45: Contraste | G45: triaxial no drenado (CU), máximo desviador | H45: 0.0717 | I45: 9.5 | J45: 0.434 | K45: 0.261 | L45: 1.13 | M45: =(L45+K45)/2-(L45-K45)/2*((SQRT(4*m_*(m_-1)*(L45-K45)^2+(L45+K45)^2)-(L45+K45))/(2*(m_-1)*(L45-K45))) | N45: =(L45-K45)/2*SQRT(1-((SQRT(4*m_*(m_-1)*(L45-K45)^2+(L45+K45)^2)-(L45+K45))/(2*(m_-1)*(L45-K45)))^2) | O45: =DEGREES(ATAN(N45/M45)) | P45: =O45-omega*(e_base-J45) | Q45: =DEGREES(ATAN(TAN(RADIANS(pe0-omega*J45))*(M45/sref)^(m_-1))) | R45: =O45-Q45 | S45: 1.6 | T45: CU: máximo desviador (la fuente no permite máxima oblicuidad) | U45: 92;94;8;9;49 | V45: =DEGREES(ATAN(TAN(RADIANS(O45))*(M45/sref)^(1-m_))) | W45: =V45-omega*(e_base-J45)
A46: G2010 | B46: G2010-A-INT-2.8in | C46: GL-483-09 Prueba Nº 2 (σ3c=788 kPa) | D46: Intrusivo | E46: Triaxial CU | F46: Contraste | G46: triaxial no drenado (CU), máximo desviador | H46: 0.0717 | I46: 9.5 | J46: 0.434 | K46: 0.393 | L46: 1.578 | M46: =(L46+K46)/2-(L46-K46)/2*((SQRT(4*m_*(m_-1)*(L46-K46)^2+(L46+K46)^2)-(L46+K46))/(2*(m_-1)*(L46-K46))) | N46: =(L46-K46)/2*SQRT(1-((SQRT(4*m_*(m_-1)*(L46-K46)^2+(L46+K46)^2)-(L46+K46))/(2*(m_-1)*(L46-K46)))^2) | O46: =DEGREES(ATAN(N46/M46)) | P46: =O46-omega*(e_base-J46) | Q46: =DEGREES(ATAN(TAN(RADIANS(pe0-omega*J46))*(M46/sref)^(m_-1))) | R46: =O46-Q46 | S46: 1.9 | T46: CU: máximo desviador (la fuente no permite máxima oblicuidad) | U46: 92;94;8;9;49 | V46: =DEGREES(ATAN(TAN(RADIANS(O46))*(M46/sref)^(1-m_))) | W46: =V46-omega*(e_base-J46)
A47: G2010 | B47: G2010-A-INT-2.8in | C47: GL-483-09 Prueba Nº 3 (σ3c=1570 kPa) | D47: Intrusivo | E47: Triaxial CU | F47: Contraste | G47: triaxial no drenado (CU), máximo desviador | H47: 0.0717 | I47: 9.5 | J47: 0.434 | K47: 0.528 | L47: 1.934 | M47: =(L47+K47)/2-(L47-K47)/2*((SQRT(4*m_*(m_-1)*(L47-K47)^2+(L47+K47)^2)-(L47+K47))/(2*(m_-1)*(L47-K47))) | N47: =(L47-K47)/2*SQRT(1-((SQRT(4*m_*(m_-1)*(L47-K47)^2+(L47+K47)^2)-(L47+K47))/(2*(m_-1)*(L47-K47)))^2) | O47: =DEGREES(ATAN(N47/M47)) | P47: =O47-omega*(e_base-J47) | Q47: =DEGREES(ATAN(TAN(RADIANS(pe0-omega*J47))*(M47/sref)^(m_-1))) | R47: =O47-Q47 | S47: 1.7 | T47: CU: máximo desviador (la fuente no permite máxima oblicuidad) | U47: 92;94;8;9;49 | V47: =DEGREES(ATAN(TAN(RADIANS(O47))*(M47/sref)^(1-m_))) | W47: =V47-omega*(e_base-J47)
A48: G2010 | B48: G2010-A-EXO-2.8in | C48: GL-484-09 Prueba Nº 1 (σ3c=394 kPa) | D48: Skarn | E48: Triaxial CU | F48: Contraste | G48: triaxial no drenado (CU), máximo desviador | H48: 0.0714 | I48: 9.5 | J48: 0.532 | K48: 0.193 | L48: 0.565 | M48: =(L48+K48)/2-(L48-K48)/2*((SQRT(4*m_*(m_-1)*(L48-K48)^2+(L48+K48)^2)-(L48+K48))/(2*(m_-1)*(L48-K48))) | N48: =(L48-K48)/2*SQRT(1-((SQRT(4*m_*(m_-1)*(L48-K48)^2+(L48+K48)^2)-(L48+K48))/(2*(m_-1)*(L48-K48)))^2) | O48: =DEGREES(ATAN(N48/M48)) | P48: =O48-omega*(e_base-J48) | Q48: =DEGREES(ATAN(TAN(RADIANS(pe0-omega*J48))*(M48/sref)^(m_-1))) | R48: =O48-Q48 | S48: 1.1 | T48: CU: máximo desviador (la fuente no permite máxima oblicuidad) | U48: 97;99;8;9;49 | V48: =DEGREES(ATAN(TAN(RADIANS(O48))*(M48/sref)^(1-m_))) | W48: =V48-omega*(e_base-J48)
A49: G2010 | B49: G2010-A-EXO-2.8in | C49: GL-484-09 Prueba Nº 2 (σ3c=787 kPa) | D49: Skarn | E49: Triaxial CU | F49: Contraste | G49: triaxial no drenado (CU), máximo desviador | H49: 0.0714 | I49: 9.5 | J49: 0.531 | K49: 0.317 | L49: 0.884 | M49: =(L49+K49)/2-(L49-K49)/2*((SQRT(4*m_*(m_-1)*(L49-K49)^2+(L49+K49)^2)-(L49+K49))/(2*(m_-1)*(L49-K49))) | N49: =(L49-K49)/2*SQRT(1-((SQRT(4*m_*(m_-1)*(L49-K49)^2+(L49+K49)^2)-(L49+K49))/(2*(m_-1)*(L49-K49)))^2) | O49: =DEGREES(ATAN(N49/M49)) | P49: =O49-omega*(e_base-J49) | Q49: =DEGREES(ATAN(TAN(RADIANS(pe0-omega*J49))*(M49/sref)^(m_-1))) | R49: =O49-Q49 | S49: 1.2 | T49: CU: máximo desviador (la fuente no permite máxima oblicuidad) | U49: 97;99;8;9;49 | V49: =DEGREES(ATAN(TAN(RADIANS(O49))*(M49/sref)^(1-m_))) | W49: =V49-omega*(e_base-J49)
A50: G2010 | B50: G2010-A-EXO-2.8in | C50: GL-484-09 Prueba Nº 3 (σ3c=1573 kPa) | D50: Skarn | E50: Triaxial CU | F50: Contraste | G50: triaxial no drenado (CU), máximo desviador | H50: 0.0714 | I50: 9.5 | J50: 0.532 | K50: 0.486 | L50: 1.409 | M50: =(L50+K50)/2-(L50-K50)/2*((SQRT(4*m_*(m_-1)*(L50-K50)^2+(L50+K50)^2)-(L50+K50))/(2*(m_-1)*(L50-K50))) | N50: =(L50-K50)/2*SQRT(1-((SQRT(4*m_*(m_-1)*(L50-K50)^2+(L50+K50)^2)-(L50+K50))/(2*(m_-1)*(L50-K50)))^2) | O50: =DEGREES(ATAN(N50/M50)) | P50: =O50-omega*(e_base-J50) | Q50: =DEGREES(ATAN(TAN(RADIANS(pe0-omega*J50))*(M50/sref)^(m_-1))) | R50: =O50-Q50 | S50: 1.3 | T50: CU: máximo desviador (la fuente no permite máxima oblicuidad) | U50: 97;99;8;9;49 | V50: =DEGREES(ATAN(TAN(RADIANS(O50))*(M50/sref)^(1-m_))) | W50: =V50-omega*(e_base-J50)
... A59: G2010 | B59: G2010-A-EXO-4in | C59: GL-484-09 Prueba Nº 3 (σ3c=783 kPa) | D59: Skarn | E59: Triaxial CU | F59: Contraste | G59: triaxial no drenado (CU), máximo desviador | H59: 0.1011 | I59: 15.9 | J59: 0.703 | K59: 0.358 | L59: 1.019 | M59: =(L59+K59)/2-(L59-K59)/2*((SQRT(4*m_*(m_-1)*(L59-K59)^2+(L59+K59)^2)-(L59+K59))/(2*(m_-1)*(L59-K59))) | N59: =(L59-K59)/2*SQRT(1-((SQRT(4*m_*(m_-1)*(L59-K59)^2+(L59+K59)^2)-(L59+K59))/(2*(m_-1)*(L59-K59)))^2) | O59: =DEGREES(ATAN(N59/M59)) | P59: =O59-omega*(e_base-J59) | Q59: =DEGREES(ATAN(TAN(RADIANS(pe0-omega*J59))*(M59/sref)^(m_-1))) | R59: =O59-Q59 | S59: 1.2 | T59: CU: máximo desviador (la fuente no permite máxima oblicuidad) | U59: 112;114;8;9;49 | V59: =DEGREES(ATAN(TAN(RADIANS(O59))*(M59/sref)^(1-m_))) | W59: =V59-omega*(e_base-J59)
A60: A2024 | B60: Ruma 01 (M-1 al M-13) | C60: 500 kPa (Esf. efect. inicial) | D60: Mármol | E60: Triaxial CU | F60: Contraste | G60: triaxial no drenado (CU), máxima oblicuidad | H60: 0.152 | J60: 0.26260312 | K60: 0.0792 | L60: 0.4549 | M60: =(L60+K60)/2-(L60-K60)/2*((SQRT(4*m_*(m_-1)*(L60-K60)^2+(L60+K60)^2)-(L60+K60))/(2*(m_-1)*(L60-K60))) | N60: =(L60-K60)/2*SQRT(1-((SQRT(4*m_*(m_-1)*(L60-K60)^2+(L60+K60)^2)-(L60+K60))/(2*(m_-1)*(L60-K60)))^2) | O60: =DEGREES(ATAN(N60/M60)) | P60: =O60-omega*(e_base-J60) | Q60: =DEGREES(ATAN(TAN(RADIANS(pe0-omega*J60))*(M60/sref)^(m_-1))) | R60: =O60-Q60 | S60: 15 | T60: CU: máxima oblicuidad σ′1/σ′3 | U60: 5;1;7 | V60: =DEGREES(ATAN(TAN(RADIANS(O60))*(M60/sref)^(1-m_))) | W60: =V60-omega*(e_base-J60)
A61: A2024 | B61: Ruma 01 (M-1 al M-13) | C61: 1000 kPa (Esf. efect. inicial) | D61: Mármol | E61: Triaxial CU | F61: Contraste | G61: triaxial no drenado (CU), máxima oblicuidad | H61: 0.152 | J61: 0.26260312 | K61: 0.1069 | L61: 1.0006 | M61: =(L61+K61)/2-(L61-K61)/2*((SQRT(4*m_*(m_-1)*(L61-K61)^2+(L61+K61)^2)-(L61+K61))/(2*(m_-1)*(L61-K61))) | N61: =(L61-K61)/2*SQRT(1-((SQRT(4*m_*(m_-1)*(L61-K61)^2+(L61+K61)^2)-(L61+K61))/(2*(m_-1)*(L61-K61)))^2) | O61: =DEGREES(ATAN(N61/M61)) | P61: =O61-omega*(e_base-J61) | Q61: =DEGREES(ATAN(TAN(RADIANS(pe0-omega*J61))*(M61/sref)^(m_-1))) | R61: =O61-Q61 | S61: 15 | T61: CU: máxima oblicuidad σ′1/σ′3 | U61: 4;1;7 | V61: =DEGREES(ATAN(TAN(RADIANS(O61))*(M61/sref)^(1-m_))) | W61: =V61-omega*(e_base-J61)
A62: A2024 | B62: Ruma 01 (M-1 al M-13) | C62: 2000 kPa (Esf. efect. inicial) | D62: Mármol | E62: Triaxial CU | F62: Contraste | G62: triaxial no drenado (CU), máxima oblicuidad | H62: 0.152 | J62: 0.26260312 | K62: 0.4188 | L62: 2.4371 | M62: =(L62+K62)/2-(L62-K62)/2*((SQRT(4*m_*(m_-1)*(L62-K62)^2+(L62+K62)^2)-(L62+K62))/(2*(m_-1)*(L62-K62))) | N62: =(L62-K62)/2*SQRT(1-((SQRT(4*m_*(m_-1)*(L62-K62)^2+(L62+K62)^2)-(L62+K62))/(2*(m_-1)*(L62-K62)))^2) | O62: =DEGREES(ATAN(N62/M62)) | P62: =O62-omega*(e_base-J62) | Q62: =DEGREES(ATAN(TAN(RADIANS(pe0-omega*J62))*(M62/sref)^(m_-1))) | R62: =O62-Q62 | S62: 15 | T62: CU: máxima oblicuidad σ′1/σ′3 | U62: 3;1;7 | V62: =DEGREES(ATAN(TAN(RADIANS(O62))*(M62/sref)^(1-m_))) | W62: =V62-omega*(e_base-J62)
A63: A2024 | B63: Ruma 02 (H-1 al H-12) | C63: 500 kPa (Esf. efect. inicial) | D63: Hornfels | E63: Triaxial CU | F63: Contraste | G63: triaxial no drenado (CU), máxima oblicuidad | H63: 0.152 | J63: 0.33166667 | K63: 0.0719 | L63: 0.6273 | M63: =(L63+K63)/2-(L63-K63)/2*((SQRT(4*m_*(m_-1)*(L63-K63)^2+(L63+K63)^2)-(L63+K63))/(2*(m_-1)*(L63-K63))) | N63: =(L63-K63)/2*SQRT(1-((SQRT(4*m_*(m_-1)*(L63-K63)^2+(L63+K63)^2)-(L63+K63))/(2*(m_-1)*(L63-K63)))^2) | O63: =DEGREES(ATAN(N63/M63)) | P63: =O63-omega*(e_base-J63) | Q63: =DEGREES(ATAN(TAN(RADIANS(pe0-omega*J63))*(M63/sref)^(m_-1))) | R63: =O63-Q63 | S63: 15 | T63: CU: máxima oblicuidad σ′1/σ′3 | U63: 5;1;7 | V63: =DEGREES(ATAN(TAN(RADIANS(O63))*(M63/sref)^(1-m_))) | W63: =V63-omega*(e_base-J63)
A64: A2024 | B64: Ruma 02 (H-1 al H-12) | C64: 1000 kPa (Esf. efect. inicial) | D64: Hornfels | E64: Triaxial CU | F64: Contraste | G64: triaxial no drenado (CU), máxima oblicuidad | H64: 0.152 | J64: 0.33166667 | K64: 0.0949 | L64: 1.077 | M64: =(L64+K64)/2-(L64-K64)/2*((SQRT(4*m_*(m_-1)*(L64-K64)^2+(L64+K64)^2)-(L64+K64))/(2*(m_-1)*(L64-K64))) | N64: =(L64-K64)/2*SQRT(1-((SQRT(4*m_*(m_-1)*(L64-K64)^2+(L64+K64)^2)-(L64+K64))/(2*(m_-1)*(L64-K64)))^2) | O64: =DEGREES(ATAN(N64/M64)) | P64: =O64-omega*(e_base-J64) | Q64: =DEGREES(ATAN(TAN(RADIANS(pe0-omega*J64))*(M64/sref)^(m_-1))) | R64: =O64-Q64 | S64: 15 | T64: CU: máxima oblicuidad σ′1/σ′3 | U64: 4;1;7 | V64: =DEGREES(ATAN(TAN(RADIANS(O64))*(M64/sref)^(1-m_))) | W64: =V64-omega*(e_base-J64)
A65: A2024 | B65: Ruma 02 (H-1 al H-12) | C65: 2000 kPa (Esf. efect. inicial) | D65: Hornfels | E65: Triaxial CU | F65: Contraste | G65: triaxial no drenado (CU), máxima oblicuidad | H65: 0.152 | J65: 0.33166667 | K65: 0.311 | L65: 1.8956 | M65: =(L65+K65)/2-(L65-K65)/2*((SQRT(4*m_*(m_-1)*(L65-K65)^2+(L65+K65)^2)-(L65+K65))/(2*(m_-1)*(L65-K65))) | N65: =(L65-K65)/2*SQRT(1-((SQRT(4*m_*(m_-1)*(L65-K65)^2+(L65+K65)^2)-(L65+K65))/(2*(m_-1)*(L65-K65)))^2) | O65: =DEGREES(ATAN(N65/M65)) | P65: =O65-omega*(e_base-J65) | Q65: =DEGREES(ATAN(TAN(RADIANS(pe0-omega*J65))*(M65/sref)^(m_-1))) | R65: =O65-Q65 | S65: 15 | T65: CU: máxima oblicuidad σ′1/σ′3 | U65: 3;1;7 | V65: =DEGREES(ATAN(TAN(RADIANS(O65))*(M65/sref)^(1-m_))) | W65: =V65-omega*(e_base-J65)
A66: A2024 | B66: Ruma 03 / Fase 10 A (I-1 al I-12) | C66: 500 kPa (Esf. efect. inicial) | D66: Intrusivo | E66: Triaxial CU | F66: Contraste | G66: triaxial no drenado (CU), máxima oblicuidad | H66: 0.152 | J66: 0.40968246 | K66: 0.1228 | L66: 0.8416 | M66: =(L66+K66)/2-(L66-K66)/2*((SQRT(4*m_*(m_-1)*(L66-K66)^2+(L66+K66)^2)-(L66+K66))/(2*(m_-1)*(L66-K66))) | N66: =(L66-K66)/2*SQRT(1-((SQRT(4*m_*(m_-1)*(L66-K66)^2+(L66+K66)^2)-(L66+K66))/(2*(m_-1)*(L66-K66)))^2) | O66: =DEGREES(ATAN(N66/M66)) | P66: =O66-omega*(e_base-J66) | Q66: =DEGREES(ATAN(TAN(RADIANS(pe0-omega*J66))*(M66/sref)^(m_-1))) | R66: =O66-Q66 | S66: 15 | T66: CU: máxima oblicuidad σ′1/σ′3 | U66: 5;1;7 | V66: =DEGREES(ATAN(TAN(RADIANS(O66))*(M66/sref)^(1-m_))) | W66: =V66-omega*(e_base-J66)
A67: A2024 | B67: Ruma 03 / Fase 10 A (I-1 al I-12) | C67: 1000 kPa (Esf. efect. inicial) | D67: Intrusivo | E67: Triaxial CU | F67: Contraste | G67: triaxial no drenado (CU), máxima oblicuidad | H67: 0.152 | J67: 0.40968246 | K67: 0.132 | L67: 1.1158 | M67: =(L67+K67)/2-(L67-K67)/2*((SQRT(4*m_*(m_-1)*(L67-K67)^2+(L67+K67)^2)-(L67+K67))/(2*(m_-1)*(L67-K67))) | N67: =(L67-K67)/2*SQRT(1-((SQRT(4*m_*(m_-1)*(L67-K67)^2+(L67+K67)^2)-(L67+K67))/(2*(m_-1)*(L67-K67)))^2) | O67: =DEGREES(ATAN(N67/M67)) | P67: =O67-omega*(e_base-J67) | Q67: =DEGREES(ATAN(TAN(RADIANS(pe0-omega*J67))*(M67/sref)^(m_-1))) | R67: =O67-Q67 | S67: 15 | T67: CU: máxima oblicuidad σ′1/σ′3 | U67: 4;1;7 | V67: =DEGREES(ATAN(TAN(RADIANS(O67))*(M67/sref)^(1-m_))) | W67: =V67-omega*(e_base-J67)
A68: A2024 | B68: Ruma 03 / Fase 10 A (I-1 al I-12) | C68: 2000 kPa (Esf. efect. inicial) | D68: Intrusivo | E68: Triaxial CU | F68: Contraste | G68: triaxial no drenado (CU), máxima oblicuidad | H68: 0.152 | J68: 0.40968246 | K68: 0.2858 | L68: 1.9658 | M68: =(L68+K68)/2-(L68-K68)/2*((SQRT(4*m_*(m_-1)*(L68-K68)^2+(L68+K68)^2)-(L68+K68))/(2*(m_-1)*(L68-K68))) | N68: =(L68-K68)/2*SQRT(1-((SQRT(4*m_*(m_-1)*(L68-K68)^2+(L68+K68)^2)-(L68+K68))/(2*(m_-1)*(L68-K68)))^2) | O68: =DEGREES(ATAN(N68/M68)) | P68: =O68-omega*(e_base-J68) | Q68: =DEGREES(ATAN(TAN(RADIANS(pe0-omega*J68))*(M68/sref)^(m_-1))) | R68: =O68-Q68 | S68: 15 | T68: CU: máxima oblicuidad σ′1/σ′3 | U68: 3;1;7 | V68: =DEGREES(ATAN(TAN(RADIANS(O68))*(M68/sref)^(1-m_))) | W68: =V68-omega*(e_base-J68)
A69: A2024 | B69: Pila 01 (MP1-B-M-1, MP1-B-M2, MP1-B-M3, MP1-H-Material B) | C69: 500 kPa (Esf. efect. inicial) | D69: Mezcla | E69: Triaxial CU | F69: Contraste | G69: triaxial no drenado (CU), máxima oblicuidad | H69: 0.152 | J69: 0.32557307 | K69: 0.0982 | L69: 0.6823 | M69: =(L69+K69)/2-(L69-K69)/2*((SQRT(4*m_*(m_-1)*(L69-K69)^2+(L69+K69)^2)-(L69+K69))/(2*(m_-1)*(L69-K69))) | N69: =(L69-K69)/2*SQRT(1-((SQRT(4*m_*(m_-1)*(L69-K69)^2+(L69+K69)^2)-(L69+K69))/(2*(m_-1)*(L69-K69)))^2) | O69: =DEGREES(ATAN(N69/M69)) | P69: =O69-omega*(e_base-J69) | Q69: =DEGREES(ATAN(TAN(RADIANS(pe0-omega*J69))*(M69/sref)^(m_-1))) | R69: =O69-Q69 | S69: 15 | T69: CU: máxima oblicuidad σ′1/σ′3 | U69: 5;1;7 | V69: =DEGREES(ATAN(TAN(RADIANS(O69))*(M69/sref)^(1-m_))) | W69: =V69-omega*(e_base-J69)
A70: A2024 | B70: Pila 01 (MP1-B-M-1, MP1-B-M2, MP1-B-M3, MP1-H-Material B) | C70: 1000 kPa (Esf. efect. inicial) | D70: Mezcla | E70: Triaxial CU | F70: Contraste | G70: triaxial no drenado (CU), máxima oblicuidad | H70: 0.152 | J70: 0.32557307 | K70: 0.1984 | L70: 1.4123 | M70: =(L70+K70)/2-(L70-K70)/2*((SQRT(4*m_*(m_-1)*(L70-K70)^2+(L70+K70)^2)-(L70+K70))/(2*(m_-1)*(L70-K70))) | N70: =(L70-K70)/2*SQRT(1-((SQRT(4*m_*(m_-1)*(L70-K70)^2+(L70+K70)^2)-(L70+K70))/(2*(m_-1)*(L70-K70)))^2) | O70: =DEGREES(ATAN(N70/M70)) | P70: =O70-omega*(e_base-J70) | Q70: =DEGREES(ATAN(TAN(RADIANS(pe0-omega*J70))*(M70/sref)^(m_-1))) | R70: =O70-Q70 | S70: 15 | T70: CU: máxima oblicuidad σ′1/σ′3 | U70: 4;1;7 | V70: =DEGREES(ATAN(TAN(RADIANS(O70))*(M70/sref)^(1-m_))) | W70: =V70-omega*(e_base-J70)
A71: A2024 | B71: Pila 01 (MP1-B-M-1, MP1-B-M2, MP1-B-M3, MP1-H-Material B) | C71: 2000 kPa (Esf. efect. inicial) | D71: Mezcla | E71: Triaxial CU | F71: Contraste | G71: triaxial no drenado (CU), máxima oblicuidad | H71: 0.152 | J71: 0.32557307 | K71: 0.6857 | L71: 3.7535 | M71: =(L71+K71)/2-(L71-K71)/2*((SQRT(4*m_*(m_-1)*(L71-K71)^2+(L71+K71)^2)-(L71+K71))/(2*(m_-1)*(L71-K71))) | N71: =(L71-K71)/2*SQRT(1-((SQRT(4*m_*(m_-1)*(L71-K71)^2+(L71+K71)^2)-(L71+K71))/(2*(m_-1)*(L71-K71)))^2) | O71: =DEGREES(ATAN(N71/M71)) | P71: =O71-omega*(e_base-J71) | Q71: =DEGREES(ATAN(TAN(RADIANS(pe0-omega*J71))*(M71/sref)^(m_-1))) | R71: =O71-Q71 | S71: 15 | T71: CU: máxima oblicuidad σ′1/σ′3 | U71: 3;1;7 | V71: =DEGREES(ATAN(TAN(RADIANS(O71))*(M71/sref)^(1-m_))) | W71: =V71-omega*(e_base-J71)
... A74: A2024 | B74: Pila 02 (MP2-A-M-1 a MP2-A-M-5, MP2-H-Material A) | C74: 2000 kPa (Esf. efect. inicial) | D74: Intrusivo | E74: Triaxial CU | F74: Contraste | G74: triaxial no drenado (CU), máxima oblicuidad | H74: 0.152 | J74: 0.47897324 | K74: 0.6343 | L74: 3.417 | M74: =(L74+K74)/2-(L74-K74)/2*((SQRT(4*m_*(m_-1)*(L74-K74)^2+(L74+K74)^2)-(L74+K74))/(2*(m_-1)*(L74-K74))) | N74: =(L74-K74)/2*SQRT(1-((SQRT(4*m_*(m_-1)*(L74-K74)^2+(L74+K74)^2)-(L74+K74))/(2*(m_-1)*(L74-K74)))^2) | O74: =DEGREES(ATAN(N74/M74)) | P74: =O74-omega*(e_base-J74) | Q74: =DEGREES(ATAN(TAN(RADIANS(pe0-omega*J74))*(M74/sref)^(m_-1))) | R74: =O74-Q74 | S74: 15 | T74: CU: máxima oblicuidad σ′1/σ′3 | U74: 3;1;7 | V74: =DEGREES(ATAN(TAN(RADIANS(O74))*(M74/sref)^(1-m_))) | W74: =V74-omega*(e_base-J74)
A75: G2010 | B75: G2010-B-MN-2.8in | C75: GL-481-09 Prueba Nº 1 (σ3c=391 kPa) | D75: Mármol | E75: Triaxial CU | F75: No usado | G75: material chancado (fase B) | H75: 0.0715 | I75: 9.5 | J75: 0.278 | K75: 0.715 | L75: 3.491 | M75: =(L75+K75)/2-(L75-K75)/2*((SQRT(4*m_*(m_-1)*(L75-K75)^2+(L75+K75)^2)-(L75+K75))/(2*(m_-1)*(L75-K75))) | N75: =(L75-K75)/2*SQRT(1-((SQRT(4*m_*(m_-1)*(L75-K75)^2+(L75+K75)^2)-(L75+K75))/(2*(m_-1)*(L75-K75)))^2) | O75: =DEGREES(ATAN(N75/M75)) | P75: =O75-omega*(e_base-J75) | Q75: =DEGREES(ATAN(TAN(RADIANS(pe0-omega*J75))*(M75/sref)^(m_-1))) | R75: =O75-Q75 | S75: 5.8 | T75: CU: máximo desviador (la fuente no permite máxima oblicuidad) | U75: 117;119;8;10;49 | V75: =DEGREES(ATAN(TAN(RADIANS(O75))*(M75/sref)^(1-m_))) | W75: =V75-omega*(e_base-J75)
A76: G2010 | B76: G2010-B-MN-2.8in | C76: GL-481-09 Prueba Nº 2 (σ3c=788 kPa) | D76: Mármol | E76: Triaxial CU | F76: No usado | G76: material chancado (fase B) | H76: 0.0714 | I76: 9.5 | J76: 0.273 | K76: 0.823 | L76: 3.727 | M76: =(L76+K76)/2-(L76-K76)/2*((SQRT(4*m_*(m_-1)*(L76-K76)^2+(L76+K76)^2)-(L76+K76))/(2*(m_-1)*(L76-K76))) | N76: =(L76-K76)/2*SQRT(1-((SQRT(4*m_*(m_-1)*(L76-K76)^2+(L76+K76)^2)-(L76+K76))/(2*(m_-1)*(L76-K76)))^2) | O76: =DEGREES(ATAN(N76/M76)) | P76: =O76-omega*(e_base-J76) | Q76: =DEGREES(ATAN(TAN(RADIANS(pe0-omega*J76))*(M76/sref)^(m_-1))) | R76: =O76-Q76 | S76: 5.1 | T76: CU: máximo desviador (la fuente no permite máxima oblicuidad) | U76: 117;119;8;10;49 | V76: =DEGREES(ATAN(TAN(RADIANS(O76))*(M76/sref)^(1-m_))) | W76: =V76-omega*(e_base-J76)
A77: G2010 | B77: G2010-B-MN-2.8in | C77: GL-481-09 Prueba Nº 3 (σ3c=1577 kPa) | D77: Mármol | E77: Triaxial CU | F77: No usado | G77: material chancado (fase B) | H77: 0.0714 | I77: 9.5 | J77: 0.273 | K77: 1.028 | L77: 4.617 | M77: =(L77+K77)/2-(L77-K77)/2*((SQRT(4*m_*(m_-1)*(L77-K77)^2+(L77+K77)^2)-(L77+K77))/(2*(m_-1)*(L77-K77))) | N77: =(L77-K77)/2*SQRT(1-((SQRT(4*m_*(m_-1)*(L77-K77)^2+(L77+K77)^2)-(L77+K77))/(2*(m_-1)*(L77-K77)))^2) | O77: =DEGREES(ATAN(N77/M77)) | P77: =O77-omega*(e_base-J77) | Q77: =DEGREES(ATAN(TAN(RADIANS(pe0-omega*J77))*(M77/sref)^(m_-1))) | R77: =O77-Q77 | S77: 6.3 | T77: CU: máximo desviador (la fuente no permite máxima oblicuidad) | U77: 117;119;8;10;49 | V77: =DEGREES(ATAN(TAN(RADIANS(O77))*(M77/sref)^(1-m_))) | W77: =V77-omega*(e_base-J77)
A78: G2010 | B78: G2010-B-HG-2.8in | C78: GL-482-09 Prueba Nº 1 (σ3c=387 kPa) | D78: Hornfels | E78: Triaxial CU | F78: No usado | G78: material chancado (fase B) | H78: 0.0715 | I78: 9.5 | J78: 0.312 | K78: 0.095 | L78: 0.521 | M78: =(L78+K78)/2-(L78-K78)/2*((SQRT(4*m_*(m_-1)*(L78-K78)^2+(L78+K78)^2)-(L78+K78))/(2*(m_-1)*(L78-K78))) | N78: =(L78-K78)/2*SQRT(1-((SQRT(4*m_*(m_-1)*(L78-K78)^2+(L78+K78)^2)-(L78+K78))/(2*(m_-1)*(L78-K78)))^2) | O78: =DEGREES(ATAN(N78/M78)) | P78: =O78-omega*(e_base-J78) | Q78: =DEGREES(ATAN(TAN(RADIANS(pe0-omega*J78))*(M78/sref)^(m_-1))) | R78: =O78-Q78 | S78: 1.3 | T78: CU: máximo desviador (la fuente no permite máxima oblicuidad) | U78: 122;124;8;10;49 | V78: =DEGREES(ATAN(TAN(RADIANS(O78))*(M78/sref)^(1-m_))) | W78: =V78-omega*(e_base-J78)
A79: G2010 | B79: G2010-B-HG-2.8in | C79: GL-482-09 Prueba Nº 2 (σ3c=786 kPa) | D79: Hornfels | E79: Triaxial CU | F79: No usado | G79: material chancado (fase B) | H79: 0.0715 | I79: 9.5 | J79: 0.312 | K79: 0.269 | L79: 1.029 | M79: =(L79+K79)/2-(L79-K79)/2*((SQRT(4*m_*(m_-1)*(L79-K79)^2+(L79+K79)^2)-(L79+K79))/(2*(m_-1)*(L79-K79))) | N79: =(L79-K79)/2*SQRT(1-((SQRT(4*m_*(m_-1)*(L79-K79)^2+(L79+K79)^2)-(L79+K79))/(2*(m_-1)*(L79-K79)))^2) | O79: =DEGREES(ATAN(N79/M79)) | P79: =O79-omega*(e_base-J79) | Q79: =DEGREES(ATAN(TAN(RADIANS(pe0-omega*J79))*(M79/sref)^(m_-1))) | R79: =O79-Q79 | S79: 1 | T79: CU: máximo desviador (la fuente no permite máxima oblicuidad) | U79: 122;124;8;10;49 | V79: =DEGREES(ATAN(TAN(RADIANS(O79))*(M79/sref)^(1-m_))) | W79: =V79-omega*(e_base-J79)
A80: G2010 | B80: G2010-B-HG-2.8in | C80: GL-482-09 Prueba Nº 3 (σ3c=1576 kPa) | D80: Hornfels | E80: Triaxial CU | F80: No usado | G80: material chancado (fase B) | H80: 0.0715 | I80: 9.5 | J80: 0.311 | K80: 0.401 | L80: 1.899 | M80: =(L80+K80)/2-(L80-K80)/2*((SQRT(4*m_*(m_-1)*(L80-K80)^2+(L80+K80)^2)-(L80+K80))/(2*(m_-1)*(L80-K80))) | N80: =(L80-K80)/2*SQRT(1-((SQRT(4*m_*(m_-1)*(L80-K80)^2+(L80+K80)^2)-(L80+K80))/(2*(m_-1)*(L80-K80)))^2) | O80: =DEGREES(ATAN(N80/M80)) | P80: =O80-omega*(e_base-J80) | Q80: =DEGREES(ATAN(TAN(RADIANS(pe0-omega*J80))*(M80/sref)^(m_-1))) | R80: =O80-Q80 | S80: 15.2 | T80: CU: máximo desviador (la fuente no permite máxima oblicuidad) | U80: 122;124;8;10;49 | V80: =DEGREES(ATAN(TAN(RADIANS(O80))*(M80/sref)^(1-m_))) | W80: =V80-omega*(e_base-J80)
A81: G2010 | B81: G2010-B-INT-2.8in | C81: GL-483-09 Prueba Nº 1 (σ3c=390 kPa) | D81: Intrusivo | E81: Triaxial CU | F81: No usado | G81: material chancado (fase B) | H81: 0.0715 | I81: 9.5 | J81: 0.358 | K81: 0.169 | L81: 0.752 | M81: =(L81+K81)/2-(L81-K81)/2*((SQRT(4*m_*(m_-1)*(L81-K81)^2+(L81+K81)^2)-(L81+K81))/(2*(m_-1)*(L81-K81))) | N81: =(L81-K81)/2*SQRT(1-((SQRT(4*m_*(m_-1)*(L81-K81)^2+(L81+K81)^2)-(L81+K81))/(2*(m_-1)*(L81-K81)))^2) | O81: =DEGREES(ATAN(N81/M81)) | P81: =O81-omega*(e_base-J81) | Q81: =DEGREES(ATAN(TAN(RADIANS(pe0-omega*J81))*(M81/sref)^(m_-1))) | R81: =O81-Q81 | S81: 1 | T81: CU: máximo desviador (la fuente no permite máxima oblicuidad) | U81: 127;129;8;10;49 | V81: =DEGREES(ATAN(TAN(RADIANS(O81))*(M81/sref)^(1-m_))) | W81: =V81-omega*(e_base-J81)
A82: G2010 | B82: G2010-B-INT-2.8in | C82: GL-483-09 Prueba Nº 2 (σ3c=785 kPa) | D82: Intrusivo | E82: Triaxial CU | F82: No usado | G82: material chancado (fase B) | H82: 0.0715 | I82: 9.5 | J82: 0.358 | K82: 0.384 | L82: 1.499 | M82: =(L82+K82)/2-(L82-K82)/2*((SQRT(4*m_*(m_-1)*(L82-K82)^2+(L82+K82)^2)-(L82+K82))/(2*(m_-1)*(L82-K82))) | N82: =(L82-K82)/2*SQRT(1-((SQRT(4*m_*(m_-1)*(L82-K82)^2+(L82+K82)^2)-(L82+K82))/(2*(m_-1)*(L82-K82)))^2) | O82: =DEGREES(ATAN(N82/M82)) | P82: =O82-omega*(e_base-J82) | Q82: =DEGREES(ATAN(TAN(RADIANS(pe0-omega*J82))*(M82/sref)^(m_-1))) | R82: =O82-Q82 | S82: 1.6 | T82: CU: máximo desviador (la fuente no permite máxima oblicuidad) | U82: 127;129;8;10;49 | V82: =DEGREES(ATAN(TAN(RADIANS(O82))*(M82/sref)^(1-m_))) | W82: =V82-omega*(e_base-J82)
A83: G2010 | B83: G2010-B-INT-2.8in | C83: GL-483-09 Prueba Nº 3 (σ3c=1568 kPa) | D83: Intrusivo | E83: Triaxial CU | F83: No usado | G83: material chancado (fase B) | H83: 0.0715 | I83: 9.5 | J83: 0.358 | K83: 0.495 | L83: 1.898 | M83: =(L83+K83)/2-(L83-K83)/2*((SQRT(4*m_*(m_-1)*(L83-K83)^2+(L83+K83)^2)-(L83+K83))/(2*(m_-1)*(L83-K83))) | N83: =(L83-K83)/2*SQRT(1-((SQRT(4*m_*(m_-1)*(L83-K83)^2+(L83+K83)^2)-(L83+K83))/(2*(m_-1)*(L83-K83)))^2) | O83: =DEGREES(ATAN(N83/M83)) | P83: =O83-omega*(e_base-J83) | Q83: =DEGREES(ATAN(TAN(RADIANS(pe0-omega*J83))*(M83/sref)^(m_-1))) | R83: =O83-Q83 | S83: 1.5 | T83: CU: máximo desviador (la fuente no permite máxima oblicuidad) | U83: 127;129;8;10;49 | V83: =DEGREES(ATAN(TAN(RADIANS(O83))*(M83/sref)^(1-m_))) | W83: =V83-omega*(e_base-J83)
A84: G2010 | B84: G2010-B-EXO-2.8in | C84: GL-484-09 Prueba Nº 1 (σ3c=393 kPa) | D84: Skarn | E84: Triaxial CU | F84: No usado | G84: material chancado (fase B) | H84: 0.0715 | I84: 9.5 | J84: 0.417 | K84: 0.191 | L84: 0.793 | M84: =(L84+K84)/2-(L84-K84)/2*((SQRT(4*m_*(m_-1)*(L84-K84)^2+(L84+K84)^2)-(L84+K84))/(2*(m_-1)*(L84-K84))) | N84: =(L84-K84)/2*SQRT(1-((SQRT(4*m_*(m_-1)*(L84-K84)^2+(L84+K84)^2)-(L84+K84))/(2*(m_-1)*(L84-K84)))^2) | O84: =DEGREES(ATAN(N84/M84)) | P84: =O84-omega*(e_base-J84) | Q84: =DEGREES(ATAN(TAN(RADIANS(pe0-omega*J84))*(M84/sref)^(m_-1))) | R84: =O84-Q84 | S84: 0.9 | T84: CU: máximo desviador (la fuente no permite máxima oblicuidad) | U84: 132;134;8;10;49 | V84: =DEGREES(ATAN(TAN(RADIANS(O84))*(M84/sref)^(1-m_))) | W84: =V84-omega*(e_base-J84)
A85: G2010 | B85: G2010-B-EXO-2.8in | C85: GL-484-09 Prueba Nº 2 (σ3c=784 kPa) | D85: Skarn | E85: Triaxial CU | F85: No usado | G85: material chancado (fase B) | H85: 0.0715 | I85: 9.5 | J85: 0.416 | K85: 0.309 | L85: 1.168 | M85: =(L85+K85)/2-(L85-K85)/2*((SQRT(4*m_*(m_-1)*(L85-K85)^2+(L85+K85)^2)-(L85+K85))/(2*(m_-1)*(L85-K85))) | N85: =(L85-K85)/2*SQRT(1-((SQRT(4*m_*(m_-1)*(L85-K85)^2+(L85+K85)^2)-(L85+K85))/(2*(m_-1)*(L85-K85)))^2) | O85: =DEGREES(ATAN(N85/M85)) | P85: =O85-omega*(e_base-J85) | Q85: =DEGREES(ATAN(TAN(RADIANS(pe0-omega*J85))*(M85/sref)^(m_-1))) | R85: =O85-Q85 | S85: 1 | T85: CU: máximo desviador (la fuente no permite máxima oblicuidad) | U85: 132;134;8;10;49 | V85: =DEGREES(ATAN(TAN(RADIANS(O85))*(M85/sref)^(1-m_))) | W85: =V85-omega*(e_base-J85)
A86: G2010 | B86: G2010-B-EXO-2.8in | C86: GL-484-09 Prueba Nº 3 (σ3c=1568 kPa) | D86: Skarn | E86: Triaxial CU | F86: No usado | G86: material chancado (fase B) | H86: 0.0715 | I86: 9.5 | J86: 0.416 | K86: 0.505 | L86: 2.018 | M86: =(L86+K86)/2-(L86-K86)/2*((SQRT(4*m_*(m_-1)*(L86-K86)^2+(L86+K86)^2)-(L86+K86))/(2*(m_-1)*(L86-K86))) | N86: =(L86-K86)/2*SQRT(1-((SQRT(4*m_*(m_-1)*(L86-K86)^2+(L86+K86)^2)-(L86+K86))/(2*(m_-1)*(L86-K86)))^2) | O86: =DEGREES(ATAN(N86/M86)) | P86: =O86-omega*(e_base-J86) | Q86: =DEGREES(ATAN(TAN(RADIANS(pe0-omega*J86))*(M86/sref)^(m_-1))) | R86: =O86-Q86 | S86: 1.5 | T86: CU: máximo desviador (la fuente no permite máxima oblicuidad) | U86: 132;134;8;10;49 | V86: =DEGREES(ATAN(TAN(RADIANS(O86))*(M86/sref)^(1-m_))) | W86: =V86-omega*(e_base-J86)
... A114: W2022 | B114: MN-USC-ciclico-350 | C114: USC MN-CTX3 (4", CSR=0.25) | D114: Mármol | E114: Triaxial cíclico + monótono post-cíclico | F114: No usado | G114: carga cíclica (compresión y extensión) previa a la carga monótona | H114: 0.1 | I114: 25.4 | J114: 0.205 | K114: 0.35 | L114: 1.5953 | M114: =(L114+K114)/2-(L114-K114)/2*((SQRT(4*m_*(m_-1)*(L114-K114)^2+(L114+K114)^2)-(L114+K114))/(2*(m_-1)*(L114-K114))) | N114: =(L114-K114)/2*SQRT(1-((SQRT(4*m_*(m_-1)*(L114-K114)^2+(L114+K114)^2)-(L114+K114))/(2*(m_-1)*(L114-K114)))^2) | O114: =DEGREES(ATAN(N114/M114)) | P114: =O114-omega*(e_base-J114) | Q114: =DEGREES(ATAN(TAN(RADIANS(pe0-omega*J114))*(M114/sref)^(m_-1))) | R114: =O114-Q114 | S114: 4.89 | T114: CD: máximo desviador | U114: 10;379;41 | V114: =DEGREES(ATAN(TAN(RADIANS(O114))*(M114/sref)^(1-m_))) | W114: =V114-omega*(e_base-J114)
A115: W2022 | B115: MN-USC-ciclico-350 | C115: USC MN-LCTX1 (6", CSR=0.19) | D115: Mármol | E115: Triaxial cíclico + monótono post-cíclico | F115: No usado | G115: carga cíclica (compresión y extensión) previa a la carga monótona | H115: 0.1465 | I115: 25.4 | J115: 0.205 | K115: 0.35 | L115: 1.9259 | M115: =(L115+K115)/2-(L115-K115)/2*((SQRT(4*m_*(m_-1)*(L115-K115)^2+(L115+K115)^2)-(L115+K115))/(2*(m_-1)*(L115-K115))) | N115: =(L115-K115)/2*SQRT(1-((SQRT(4*m_*(m_-1)*(L115-K115)^2+(L115+K115)^2)-(L115+K115))/(2*(m_-1)*(L115-K115)))^2) | O115: =DEGREES(ATAN(N115/M115)) | P115: =O115-omega*(e_base-J115) | Q115: =DEGREES(ATAN(TAN(RADIANS(pe0-omega*J115))*(M115/sref)^(m_-1))) | R115: =O115-Q115 | T115: CD: máximo desviador | U115: 10;385;41 | V115: =DEGREES(ATAN(TAN(RADIANS(O115))*(M115/sref)^(1-m_))) | W115: =V115-omega*(e_base-J115)
A116: W2022 | B116: MN-USC-ciclico-350 | C116: USC MN-LCTX2 (6", CSR=0.38) | D116: Mármol | E116: Triaxial cíclico + monótono post-cíclico | F116: No usado | G116: carga cíclica (compresión y extensión) previa a la carga monótona | H116: 0.1465 | I116: 25.4 | J116: 0.205 | K116: 0.35 | L116: 1.9005 | M116: =(L116+K116)/2-(L116-K116)/2*((SQRT(4*m_*(m_-1)*(L116-K116)^2+(L116+K116)^2)-(L116+K116))/(2*(m_-1)*(L116-K116))) | N116: =(L116-K116)/2*SQRT(1-((SQRT(4*m_*(m_-1)*(L116-K116)^2+(L116+K116)^2)-(L116+K116))/(2*(m_-1)*(L116-K116)))^2) | O116: =DEGREES(ATAN(N116/M116)) | P116: =O116-omega*(e_base-J116) | Q116: =DEGREES(ATAN(TAN(RADIANS(pe0-omega*J116))*(M116/sref)^(m_-1))) | R116: =O116-Q116 | T116: CD: máximo desviador | U116: 10;391;41 | V116: =DEGREES(ATAN(TAN(RADIANS(O116))*(M116/sref)^(1-m_))) | W116: =V116-omega*(e_base-J116)
A117: W2022 | B117: MN-1.0m-IDIEM-2011 | C117: Tabla 3 Mármol Negro Probeta 1 = IDIEM 708.397-A Probeta 1 (σ'c = 5 kg/cm²) ESTATICO | D117: Mármol | E117: Triaxial CD | F117: No usado | G117: duplicado de Golder Associates Perú (2012); se usa el original | H117: 1 | I117: 177.8 | J117: 0.3121963 | K117: 0.4903 | L117: 2.2712 | M117: =(L117+K117)/2-(L117-K117)/2*((SQRT(4*m_*(m_-1)*(L117-K117)^2+(L117+K117)^2)-(L117+K117))/(2*(m_-1)*(L117-K117))) | N117: =(L117-K117)/2*SQRT(1-((SQRT(4*m_*(m_-1)*(L117-K117)^2+(L117+K117)^2)-(L117+K117))/(2*(m_-1)*(L117-K117)))^2) | O117: =DEGREES(ATAN(N117/M117)) | P117: =O117-omega*(e_base-J117) | Q117: =DEGREES(ATAN(TAN(RADIANS(pe0-omega*J117))*(M117/sref)^(m_-1))) | R117: =O117-Q117 | S117: 17.27 | T117: CD: máximo desviador | U117: 10;252;66-67;41 | V117: =DEGREES(ATAN(TAN(RADIANS(O117))*(M117/sref)^(1-m_))) | W117: =V117-omega*(e_base-J117)
A118: W2022 | B118: MN-1.0m-IDIEM-2011 | C118: Tabla 3 Mármol Negro Probeta 3 = IDIEM 708.397-A Probeta 2 (σ'c = 5 kg/cm²) CICLICO | D118: Mármol | E118: Triaxial CD carga-descarga | F118: No usado | G118: duplicado de Golder Associates Perú (2012); se usa el original | H118: 1 | I118: 177.8 | J118: 0.3121963 | K118: 0.4903 | L118: 2.1928 | M118: =(L118+K118)/2-(L118-K118)/2*((SQRT(4*m_*(m_-1)*(L118-K118)^2+(L118+K118)^2)-(L118+K118))/(2*(m_-1)*(L118-K118))) | N118: =(L118-K118)/2*SQRT(1-((SQRT(4*m_*(m_-1)*(L118-K118)^2+(L118+K118)^2)-(L118+K118))/(2*(m_-1)*(L118-K118)))^2) | O118: =DEGREES(ATAN(N118/M118)) | P118: =O118-omega*(e_base-J118) | Q118: =DEGREES(ATAN(TAN(RADIANS(pe0-omega*J118))*(M118/sref)^(m_-1))) | R118: =O118-Q118 | S118: 18.26 | T118: CD: máximo desviador | U118: 10;254-263;66-67;41 | V118: =DEGREES(ATAN(TAN(RADIANS(O118))*(M118/sref)^(1-m_))) | W118: =V118-omega*(e_base-J118)
A119: W2022 | B119: MN-1.0m-IDIEM-2011 | C119: Tabla 3 Mármol Negro Probeta 4 = IDIEM 708.397-A Probeta 3 (σ'c = 10 kg/cm²) CICLICO | D119: Mármol | E119: Triaxial CD carga-descarga | F119: No usado | G119: duplicado de Golder Associates Perú (2012); se usa el original | H119: 1 | I119: 177.8 | J119: 0.3121963 | K119: 0.9807 | L119: 3.8972 | M119: =(L119+K119)/2-(L119-K119)/2*((SQRT(4*m_*(m_-1)*(L119-K119)^2+(L119+K119)^2)-(L119+K119))/(2*(m_-1)*(L119-K119))) | N119: =(L119-K119)/2*SQRT(1-((SQRT(4*m_*(m_-1)*(L119-K119)^2+(L119+K119)^2)-(L119+K119))/(2*(m_-1)*(L119-K119)))^2) | O119: =DEGREES(ATAN(N119/M119)) | P119: =O119-omega*(e_base-J119) | Q119: =DEGREES(ATAN(TAN(RADIANS(pe0-omega*J119))*(M119/sref)^(m_-1))) | R119: =O119-Q119 | S119: 18 | T119: CD: máximo desviador | U119: 10;265-275;66-67;41 | V119: =DEGREES(ATAN(TAN(RADIANS(O119))*(M119/sref)^(1-m_))) | W119: =V119-omega*(e_base-J119)
A120: W2022 | B120: MN-1.0m-IDIEM-2011 | C120: Tabla 3 Mármol Negro Probeta 2 = IDIEM 708.397-A Probeta 4 (σ'c = 20 kg/cm²) ESTATICO | D120: Mármol | E120: Triaxial CD | F120: No usado | G120: duplicado de Golder Associates Perú (2012); se usa el original | H120: 1 | I120: 177.8 | J120: 0.3121963 | K120: 1.9613 | L120: 7.7786 | M120: =(L120+K120)/2-(L120-K120)/2*((SQRT(4*m_*(m_-1)*(L120-K120)^2+(L120+K120)^2)-(L120+K120))/(2*(m_-1)*(L120-K120))) | N120: =(L120-K120)/2*SQRT(1-((SQRT(4*m_*(m_-1)*(L120-K120)^2+(L120+K120)^2)-(L120+K120))/(2*(m_-1)*(L120-K120)))^2) | O120: =DEGREES(ATAN(N120/M120)) | P120: =O120-omega*(e_base-J120) | Q120: =DEGREES(ATAN(TAN(RADIANS(pe0-omega*J120))*(M120/sref)^(m_-1))) | R120: =O120-Q120 | S120: 19.59 | T120: CD: máximo desviador | U120: 10;277-278;66-67;41 | V120: =DEGREES(ATAN(TAN(RADIANS(O120))*(M120/sref)^(1-m_))) | W120: =V120-omega*(e_base-J120)
A121: W2022 | B121: MN-1.0m-IDIEM-2011 | C121: Tabla 3 Mármol Negro Probeta 5 = IDIEM 708.397-A Probeta 5 (σ'c = 20 kg/cm²) CICLICO | D121: Mármol | E121: Triaxial CD carga-descarga | F121: No usado | G121: duplicado de Golder Associates Perú (2012); se usa el original | H121: 1 | I121: 177.8 | J121: 0.3121963 | K121: 1.9613 | L121: 8.2905 | M121: =(L121+K121)/2-(L121-K121)/2*((SQRT(4*m_*(m_-1)*(L121-K121)^2+(L121+K121)^2)-(L121+K121))/(2*(m_-1)*(L121-K121))) | N121: =(L121-K121)/2*SQRT(1-((SQRT(4*m_*(m_-1)*(L121-K121)^2+(L121+K121)^2)-(L121+K121))/(2*(m_-1)*(L121-K121)))^2) | O121: =DEGREES(ATAN(N121/M121)) | P121: =O121-omega*(e_base-J121) | Q121: =DEGREES(ATAN(TAN(RADIANS(pe0-omega*J121))*(M121/sref)^(m_-1))) | R121: =O121-Q121 | S121: 17.78 | T121: CD: máximo desviador | U121: 10;280-293;66-67;41 | V121: =DEGREES(ATAN(TAN(RADIANS(O121))*(M121/sref)^(1-m_))) | W121: =V121-omega*(e_base-J121)

Sheet Curva
A1: σ′n (MPa) | B1: Zona | C1: τ curva, con tope (MPa) | D1: φ′s curva, con tope (°) | E1: φ′s banda inf. (°) | F1: φ′s banda sup. (°) | G1: τ banda inf. (MPa) | H1: τ banda sup. (MPa) | I1: τ e = 0.55 | J1: τ e = 0.65 | K1: e perfil A | L1: τ perfil A | M1: e perfil V | N1: τ perfil V | O1: φ′s Indraratna (°) | P1: φ′s Hawley y Cunning (°) | Q1: τ Indraratna | R1: τ Hawley y Cunning | S1: τ 37° (MPa) | T1: φ′ sensibilidad DDE (°)
A2: 0.01 | B2: con ensayos de Antamina | C2: =MIN(TAN(RADIANS(pe0-omega*e_base))*sref^(1-m_)*A2^m_,A2*TAN(RADIANS(tope))) | D2: =DEGREES(ATAN(C2/A2)) | E2: =MIN(DEGREES(ATAN(TAN(RADIANS(Parametros!$E$12-omega*e_base))*(A2/sref)^(Parametros!$B$12-1))),DEGREES(ATAN(TAN(RADIANS(Parametros!$E$13-omega*e_base))*(A2/sref)^(Parametros!$B$13-1))),DEGREES(ATAN(TAN(RADIANS(Parametros!$E$14-omega*e_base))*(A2/sref)^(Parametros!$B$14-1))),DEGREES(ATAN(TAN(RADIANS(Parametros!$E$15-omega*e_base))*(A2/sref)^(Parametros!$B$15-1))),DEGREES(ATAN(TAN(RADIANS(Parametros!$E$16-omega*e_base))*(A2/sref)^(Parametros!$B$16-1)))) | F2: =MAX(DEGREES(ATAN(TAN(RADIANS(Parametros!$F$12-omega*e_base))*(A2/sref)^(Parametros!$B$12-1))),DEGREES(ATAN(TAN(RADIANS(Parametros!$F$13-omega*e_base))*(A2/sref)^(Parametros!$B$13-1))),DEGREES(ATAN(TAN(RADIANS(Parametros!$F$14-omega*e_base))*(A2/sref)^(Parametros!$B$14-1))),DEGREES(ATAN(TAN(RADIANS(Parametros!$F$15-omega*e_base))*(A2/sref)^(Parametros!$B$15-1))),DEGREES(ATAN(TAN(RADIANS(Parametros!$F$16-omega*e_base))*(A2/sref)^(Parametros!$B$16-1)))) | G2: =A2*TAN(RADIANS(E2)) | H2: =A2*TAN(RADIANS(F2)) | I2: =MIN(TAN(RADIANS(pe0-omega*0.55))*sref^(1-m_)*A2^m_,A2*TAN(RADIANS(tope))) | J2: =MIN(TAN(RADIANS(pe0-omega*0.65))*sref^(1-m_)*A2^m_,A2*TAN(RADIANS(tope))) | K2: =IF(MAX(A2,sv_piso)<=1,e_base-cc_bajo*LOG10(MAX(A2,sv_piso)/sv_piso),e_base-cc_bajo*LOG10(1/sv_piso)-cc_alto*LOG10(A2)) | L2: =MIN(TAN(RADIANS(pe0-omega*K2))*sref^(1-m_)*A2^m_,A2*TAN(RADIANS(tope))) | M2: 0.4494 | N2: =MIN(TAN(RADIANS(pe0-omega*M2))*sref^(1-m_)*A2^m_,A2*TAN(RADIANS(tope))) | O2: =DEGREES(ATAN(TAN(RADIANS(33))*(A2/sref)^(0.9-1))) | P2: =DEGREES(ATAN(1.446*(A2*1000)^0.898/(A2*1000))) | Q2: =A2*TAN(RADIANS(O2)) | R2: =A2*TAN(RADIANS(P2)) | S2: =A2*TAN(RADIANS(37))
A3: 0.02 | B3: con ensayos de Antamina | C3: =MIN(TAN(RADIANS(pe0-omega*e_base))*sref^(1-m_)*A3^m_,A3*TAN(RADIANS(tope))) | D3: =DEGREES(ATAN(C3/A3)) | E3: =MIN(DEGREES(ATAN(TAN(RADIANS(Parametros!$E$12-omega*e_base))*(A3/sref)^(Parametros!$B$12-1))),DEGREES(ATAN(TAN(RADIANS(Parametros!$E$13-omega*e_base))*(A3/sref)^(Parametros!$B$13-1))),DEGREES(ATAN(TAN(RADIANS(Parametros!$E$14-omega*e_base))*(A3/sref)^(Parametros!$B$14-1))),DEGREES(ATAN(TAN(RADIANS(Parametros!$E$15-omega*e_base))*(A3/sref)^(Parametros!$B$15-1))),DEGREES(ATAN(TAN(RADIANS(Parametros!$E$16-omega*e_base))*(A3/sref)^(Parametros!$B$16-1)))) | F3: =MAX(DEGREES(ATAN(TAN(RADIANS(Parametros!$F$12-omega*e_base))*(A3/sref)^(Parametros!$B$12-1))),DEGREES(ATAN(TAN(RADIANS(Parametros!$F$13-omega*e_base))*(A3/sref)^(Parametros!$B$13-1))),DEGREES(ATAN(TAN(RADIANS(Parametros!$F$14-omega*e_base))*(A3/sref)^(Parametros!$B$14-1))),DEGREES(ATAN(TAN(RADIANS(Parametros!$F$15-omega*e_base))*(A3/sref)^(Parametros!$B$15-1))),DEGREES(ATAN(TAN(RADIANS(Parametros!$F$16-omega*e_base))*(A3/sref)^(Parametros!$B$16-1)))) | G3: =A3*TAN(RADIANS(E3)) | H3: =A3*TAN(RADIANS(F3)) | I3: =MIN(TAN(RADIANS(pe0-omega*0.55))*sref^(1-m_)*A3^m_,A3*TAN(RADIANS(tope))) | J3: =MIN(TAN(RADIANS(pe0-omega*0.65))*sref^(1-m_)*A3^m_,A3*TAN(RADIANS(tope))) | K3: =IF(MAX(A3,sv_piso)<=1,e_base-cc_bajo*LOG10(MAX(A3,sv_piso)/sv_piso),e_base-cc_bajo*LOG10(1/sv_piso)-cc_alto*LOG10(A3)) | L3: =MIN(TAN(RADIANS(pe0-omega*K3))*sref^(1-m_)*A3^m_,A3*TAN(RADIANS(tope))) | M3: 0.4488 | N3: =MIN(TAN(RADIANS(pe0-omega*M3))*sref^(1-m_)*A3^m_,A3*TAN(RADIANS(tope))) | O3: =DEGREES(ATAN(TAN(RADIANS(33))*(A3/sref)^(0.9-1))) | P3: =DEGREES(ATAN(1.446*(A3*1000)^0.898/(A3*1000))) | Q3: =A3*TAN(RADIANS(O3)) | R3: =A3*TAN(RADIANS(P3)) | S3: =A3*TAN(RADIANS(37))
A4: 0.03 | B4: con ensayos de Antamina | C4: =MIN(TAN(RADIANS(pe0-omega*e_base))*sref^(1-m_)*A4^m_,A4*TAN(RADIANS(tope))) | D4: =DEGREES(ATAN(C4/A4)) | E4: =MIN(DEGREES(ATAN(TAN(RADIANS(Parametros!$E$12-omega*e_base))*(A4/sref)^(Parametros!$B$12-1))),DEGREES(ATAN(TAN(RADIANS(Parametros!$E$13-omega*e_base))*(A4/sref)^(Parametros!$B$13-1))),DEGREES(ATAN(TAN(RADIANS(Parametros!$E$14-omega*e_base))*(A4/sref)^(Parametros!$B$14-1))),DEGREES(ATAN(TAN(RADIANS(Parametros!$E$15-omega*e_base))*(A4/sref)^(Parametros!$B$15-1))),DEGREES(ATAN(TAN(RADIANS(Parametros!$E$16-omega*e_base))*(A4/sref)^(Parametros!$B$16-1)))) | F4: =MAX(DEGREES(ATAN(TAN(RADIANS(Parametros!$F$12-omega*e_base))*(A4/sref)^(Parametros!$B$12-1))),DEGREES(ATAN(TAN(RADIANS(Parametros!$F$13-omega*e_base))*(A4/sref)^(Parametros!$B$13-1))),DEGREES(ATAN(TAN(RADIANS(Parametros!$F$14-omega*e_base))*(A4/sref)^(Parametros!$B$14-1))),DEGREES(ATAN(TAN(RADIANS(Parametros!$F$15-omega*e_base))*(A4/sref)^(Parametros!$B$15-1))),DEGREES(ATAN(TAN(RADIANS(Parametros!$F$16-omega*e_base))*(A4/sref)^(Parametros!$B$16-1)))) | G4: =A4*TAN(RADIANS(E4)) | H4: =A4*TAN(RADIANS(F4)) | I4: =MIN(TAN(RADIANS(pe0-omega*0.55))*sref^(1-m_)*A4^m_,A4*TAN(RADIANS(tope))) | J4: =MIN(TAN(RADIANS(pe0-omega*0.65))*sref^(1-m_)*A4^m_,A4*TAN(RADIANS(tope))) | K4: =IF(MAX(A4,sv_piso)<=1,e_base-cc_bajo*LOG10(MAX(A4,sv_piso)/sv_piso),e_base-cc_bajo*LOG10(1/sv_piso)-cc_alto*LOG10(A4)) | L4: =MIN(TAN(RADIANS(pe0-omega*K4))*sref^(1-m_)*A4^m_,A4*TAN(RADIANS(tope))) | M4: 0.4482 | N4: =MIN(TAN(RADIANS(pe0-omega*M4))*sref^(1-m_)*A4^m_,A4*TAN(RADIANS(tope))) | O4: =DEGREES(ATAN(TAN(RADIANS(33))*(A4/sref)^(0.9-1))) | P4: =DEGREES(ATAN(1.446*(A4*1000)^0.898/(A4*1000))) | Q4: =A4*TAN(RADIANS(O4)) | R4: =A4*TAN(RADIANS(P4)) | S4: =A4*TAN(RADIANS(37))
A5: 0.05 | B5: con ensayos de Antamina | C5: =MIN(TAN(RADIANS(pe0-omega*e_base))*sref^(1-m_)*A5^m_,A5*TAN(RADIANS(tope))) | D5: =DEGREES(ATAN(C5/A5)) | E5: =MIN(DEGREES(ATAN(TAN(RADIANS(Parametros!$E$12-omega*e_base))*(A5/sref)^(Parametros!$B$12-1))),DEGREES(ATAN(TAN(RADIANS(Parametros!$E$13-omega*e_base))*(A5/sref)^(Parametros!$B$13-1))),DEGREES(ATAN(TAN(RADIANS(Parametros!$E$14-omega*e_base))*(A5/sref)^(Parametros!$B$14-1))),DEGREES(ATAN(TAN(RADIANS(Parametros!$E$15-omega*e_base))*(A5/sref)^(Parametros!$B$15-1))),DEGREES(ATAN(TAN(RADIANS(Parametros!$E$16-omega*e_base))*(A5/sref)^(Parametros!$B$16-1)))) | F5: =MAX(DEGREES(ATAN(TAN(RADIANS(Parametros!$F$12-omega*e_base))*(A5/sref)^(Parametros!$B$12-1))),DEGREES(ATAN(TAN(RADIANS(Parametros!$F$13-omega*e_base))*(A5/sref)^(Parametros!$B$13-1))),DEGREES(ATAN(TAN(RADIANS(Parametros!$F$14-omega*e_base))*(A5/sref)^(Parametros!$B$14-1))),DEGREES(ATAN(TAN(RADIANS(Parametros!$F$15-omega*e_base))*(A5/sref)^(Parametros!$B$15-1))),DEGREES(ATAN(TAN(RADIANS(Parametros!$F$16-omega*e_base))*(A5/sref)^(Parametros!$B$16-1)))) | G5: =A5*TAN(RADIANS(E5)) | H5: =A5*TAN(RADIANS(F5)) | I5: =MIN(TAN(RADIANS(pe0-omega*0.55))*sref^(1-m_)*A5^m_,A5*TAN(RADIANS(tope))) | J5: =MIN(TAN(RADIANS(pe0-omega*0.65))*sref^(1-m_)*A5^m_,A5*TAN(RADIANS(tope))) | K5: =IF(MAX(A5,sv_piso)<=1,e_base-cc_bajo*LOG10(MAX(A5,sv_piso)/sv_piso),e_base-cc_bajo*LOG10(1/sv_piso)-cc_alto*LOG10(A5)) | L5: =MIN(TAN(RADIANS(pe0-omega*K5))*sref^(1-m_)*A5^m_,A5*TAN(RADIANS(tope))) | M5: 0.447 | N5: =MIN(TAN(RADIANS(pe0-omega*M5))*sref^(1-m_)*A5^m_,A5*TAN(RADIANS(tope))) | O5: =DEGREES(ATAN(TAN(RADIANS(33))*(A5/sref)^(0.9-1))) | P5: =DEGREES(ATAN(1.446*(A5*1000)^0.898/(A5*1000))) | Q5: =A5*TAN(RADIANS(O5)) | R5: =A5*TAN(RADIANS(P5)) | S5: =A5*TAN(RADIANS(37))
A6: 0.07 | B6: con ensayos de Antamina | C6: =MIN(TAN(RADIANS(pe0-omega*e_base))*sref^(1-m_)*A6^m_,A6*TAN(RADIANS(tope))) | D6: =DEGREES(ATAN(C6/A6)) | E6: =MIN(DEGREES(ATAN(TAN(RADIANS(Parametros!$E$12-omega*e_base))*(A6/sref)^(Parametros!$B$12-1))),DEGREES(ATAN(TAN(RADIANS(Parametros!$E$13-omega*e_base))*(A6/sref)^(Parametros!$B$13-1))),DEGREES(ATAN(TAN(RADIANS(Parametros!$E$14-omega*e_base))*(A6/sref)^(Parametros!$B$14-1))),DEGREES(ATAN(TAN(RADIANS(Parametros!$E$15-omega*e_base))*(A6/sref)^(Parametros!$B$15-1))),DEGREES(ATAN(TAN(RADIANS(Parametros!$E$16-omega*e_base))*(A6/sref)^(Parametros!$B$16-1)))) | F6: =MAX(DEGREES(ATAN(TAN(RADIANS(Parametros!$F$12-omega*e_base))*(A6/sref)^(Parametros!$B$12-1))),DEGREES(ATAN(TAN(RADIANS(Parametros!$F$13-omega*e_base))*(A6/sref)^(Parametros!$B$13-1))),DEGREES(ATAN(TAN(RADIANS(Parametros!$F$14-omega*e_base))*(A6/sref)^(Parametros!$B$14-1))),DEGREES(ATAN(TAN(RADIANS(Parametros!$F$15-omega*e_base))*(A6/sref)^(Parametros!$B$15-1))),DEGREES(ATAN(TAN(RADIANS(Parametros!$F$16-omega*e_base))*(A6/sref)^(Parametros!$B$16-1)))) | G6: =A6*TAN(RADIANS(E6)) | H6: =A6*TAN(RADIANS(F6)) | I6: =MIN(TAN(RADIANS(pe0-omega*0.55))*sref^(1-m_)*A6^m_,A6*TAN(RADIANS(tope))) | J6: =MIN(TAN(RADIANS(pe0-omega*0.65))*sref^(1-m_)*A6^m_,A6*TAN(RADIANS(tope))) | K6: =IF(MAX(A6,sv_piso)<=1,e_base-cc_bajo*LOG10(MAX(A6,sv_piso)/sv_piso),e_base-cc_bajo*LOG10(1/sv_piso)-cc_alto*LOG10(A6)) | L6: =MIN(TAN(RADIANS(pe0-omega*K6))*sref^(1-m_)*A6^m_,A6*TAN(RADIANS(tope))) | M6: 0.4458 | N6: =MIN(TAN(RADIANS(pe0-omega*M6))*sref^(1-m_)*A6^m_,A6*TAN(RADIANS(tope))) | O6: =DEGREES(ATAN(TAN(RADIANS(33))*(A6/sref)^(0.9-1))) | P6: =DEGREES(ATAN(1.446*(A6*1000)^0.898/(A6*1000))) | Q6: =A6*TAN(RADIANS(O6)) | R6: =A6*TAN(RADIANS(P6)) | S6: =A6*TAN(RADIANS(37))
A7: 0.1 | B7: con ensayos de Antamina | C7: =MIN(TAN(RADIANS(pe0-omega*e_base))*sref^(1-m_)*A7^m_,A7*TAN(RADIANS(tope))) | D7: =DEGREES(ATAN(C7/A7)) | E7: =MIN(DEGREES(ATAN(TAN(RADIANS(Parametros!$E$12-omega*e_base))*(A7/sref)^(Parametros!$B$12-1))),DEGREES(ATAN(TAN(RADIANS(Parametros!$E$13-omega*e_base))*(A7/sref)^(Parametros!$B$13-1))),DEGREES(ATAN(TAN(RADIANS(Parametros!$E$14-omega*e_base))*(A7/sref)^(Parametros!$B$14-1))),DEGREES(ATAN(TAN(RADIANS(Parametros!$E$15-omega*e_base))*(A7/sref)^(Parametros!$B$15-1))),DEGREES(ATAN(TAN(RADIANS(Parametros!$E$16-omega*e_base))*(A7/sref)^(Parametros!$B$16-1)))) | F7: =MAX(DEGREES(ATAN(TAN(RADIANS(Parametros!$F$12-omega*e_base))*(A7/sref)^(Parametros!$B$12-1))),DEGREES(ATAN(TAN(RADIANS(Parametros!$F$13-omega*e_base))*(A7/sref)^(Parametros!$B$13-1))),DEGREES(ATAN(TAN(RADIANS(Parametros!$F$14-omega*e_base))*(A7/sref)^(Parametros!$B$14-1))),DEGREES(ATAN(TAN(RADIANS(Parametros!$F$15-omega*e_base))*(A7/sref)^(Parametros!$B$15-1))),DEGREES(ATAN(TAN(RADIANS(Parametros!$F$16-omega*e_base))*(A7/sref)^(Parametros!$B$16-1)))) | G7: =A7*TAN(RADIANS(E7)) | H7: =A7*TAN(RADIANS(F7)) | I7: =MIN(TAN(RADIANS(pe0-omega*0.55))*sref^(1-m_)*A7^m_,A7*TAN(RADIANS(tope))) | J7: =MIN(TAN(RADIANS(pe0-omega*0.65))*sref^(1-m_)*A7^m_,A7*TAN(RADIANS(tope))) | K7: =IF(MAX(A7,sv_piso)<=1,e_base-cc_bajo*LOG10(MAX(A7,sv_piso)/sv_piso),e_base-cc_bajo*LOG10(1/sv_piso)-cc_alto*LOG10(A7)) | L7: =MIN(TAN(RADIANS(pe0-omega*K7))*sref^(1-m_)*A7^m_,A7*TAN(RADIANS(tope))) | M7: 0.444 | N7: =MIN(TAN(RADIANS(pe0-omega*M7))*sref^(1-m_)*A7^m_,A7*TAN(RADIANS(tope))) | O7: =DEGREES(ATAN(TAN(RADIANS(33))*(A7/sref)^(0.9-1))) | P7: =DEGREES(ATAN(1.446*(A7*1000)^0.898/(A7*1000))) | Q7: =A7*TAN(RADIANS(O7)) | R7: =A7*TAN(RADIANS(P7)) | S7: =A7*TAN(RADIANS(37))
A8: 0.15 | B8: con ensayos de Antamina | C8: =MIN(TAN(RADIANS(pe0-omega*e_base))*sref^(1-m_)*A8^m_,A8*TAN(RADIANS(tope))) | D8: =DEGREES(ATAN(C8/A8)) | E8: =MIN(DEGREES(ATAN(TAN(RADIANS(Parametros!$E$12-omega*e_base))*(A8/sref)^(Parametros!$B$12-1))),DEGREES(ATAN(TAN(RADIANS(Parametros!$E$13-omega*e_base))*(A8/sref)^(Parametros!$B$13-1))),DEGREES(ATAN(TAN(RADIANS(Parametros!$E$14-omega*e_base))*(A8/sref)^(Parametros!$B$14-1))),DEGREES(ATAN(TAN(RADIANS(Parametros!$E$15-omega*e_base))*(A8/sref)^(Parametros!$B$15-1))),DEGREES(ATAN(TAN(RADIANS(Parametros!$E$16-omega*e_base))*(A8/sref)^(Parametros!$B$16-1)))) | F8: =MAX(DEGREES(ATAN(TAN(RADIANS(Parametros!$F$12-omega*e_base))*(A8/sref)^(Parametros!$B$12-1))),DEGREES(ATAN(TAN(RADIANS(Parametros!$F$13-omega*e_base))*(A8/sref)^(Parametros!$B$13-1))),DEGREES(ATAN(TAN(RADIANS(Parametros!$F$14-omega*e_base))*(A8/sref)^(Parametros!$B$14-1))),DEGREES(ATAN(TAN(RADIANS(Parametros!$F$15-omega*e_base))*(A8/sref)^(Parametros!$B$15-1))),DEGREES(ATAN(TAN(RADIANS(Parametros!$F$16-omega*e_base))*(A8/sref)^(Parametros!$B$16-1)))) | G8: =A8*TAN(RADIANS(E8)) | H8: =A8*TAN(RADIANS(F8)) | I8: =MIN(TAN(RADIANS(pe0-omega*0.55))*sref^(1-m_)*A8^m_,A8*TAN(RADIANS(tope))) | J8: =MIN(TAN(RADIANS(pe0-omega*0.65))*sref^(1-m_)*A8^m_,A8*TAN(RADIANS(tope))) | K8: =IF(MAX(A8,sv_piso)<=1,e_base-cc_bajo*LOG10(MAX(A8,sv_piso)/sv_piso),e_base-cc_bajo*LOG10(1/sv_piso)-cc_alto*LOG10(A8)) | L8: =MIN(TAN(RADIANS(pe0-omega*K8))*sref^(1-m_)*A8^m_,A8*TAN(RADIANS(tope))) | M8: 0.441 | N8: =MIN(TAN(RADIANS(pe0-omega*M8))*sref^(1-m_)*A8^m_,A8*TAN(RADIANS(tope))) | O8: =DEGREES(ATAN(TAN(RADIANS(33))*(A8/sref)^(0.9-1))) | P8: =DEGREES(ATAN(1.446*(A8*1000)^0.898/(A8*1000))) | Q8: =A8*TAN(RADIANS(O8)) | R8: =A8*TAN(RADIANS(P8)) | S8: =A8*TAN(RADIANS(37))
A9: 0.2 | B9: con ensayos de Antamina | C9: =MIN(TAN(RADIANS(pe0-omega*e_base))*sref^(1-m_)*A9^m_,A9*TAN(RADIANS(tope))) | D9: =DEGREES(ATAN(C9/A9)) | E9: =MIN(DEGREES(ATAN(TAN(RADIANS(Parametros!$E$12-omega*e_base))*(A9/sref)^(Parametros!$B$12-1))),DEGREES(ATAN(TAN(RADIANS(Parametros!$E$13-omega*e_base))*(A9/sref)^(Parametros!$B$13-1))),DEGREES(ATAN(TAN(RADIANS(Parametros!$E$14-omega*e_base))*(A9/sref)^(Parametros!$B$14-1))),DEGREES(ATAN(TAN(RADIANS(Parametros!$E$15-omega*e_base))*(A9/sref)^(Parametros!$B$15-1))),DEGREES(ATAN(TAN(RADIANS(Parametros!$E$16-omega*e_base))*(A9/sref)^(Parametros!$B$16-1)))) | F9: =MAX(DEGREES(ATAN(TAN(RADIANS(Parametros!$F$12-omega*e_base))*(A9/sref)^(Parametros!$B$12-1))),DEGREES(ATAN(TAN(RADIANS(Parametros!$F$13-omega*e_base))*(A9/sref)^(Parametros!$B$13-1))),DEGREES(ATAN(TAN(RADIANS(Parametros!$F$14-omega*e_base))*(A9/sref)^(Parametros!$B$14-1))),DEGREES(ATAN(TAN(RADIANS(Parametros!$F$15-omega*e_base))*(A9/sref)^(Parametros!$B$15-1))),DEGREES(ATAN(TAN(RADIANS(Parametros!$F$16-omega*e_base))*(A9/sref)^(Parametros!$B$16-1)))) | G9: =A9*TAN(RADIANS(E9)) | H9: =A9*TAN(RADIANS(F9)) | I9: =MIN(TAN(RADIANS(pe0-omega*0.55))*sref^(1-m_)*A9^m_,A9*TAN(RADIANS(tope))) | J9: =MIN(TAN(RADIANS(pe0-omega*0.65))*sref^(1-m_)*A9^m_,A9*TAN(RADIANS(tope))) | K9: =IF(MAX(A9,sv_piso)<=1,e_base-cc_bajo*LOG10(MAX(A9,sv_piso)/sv_piso),e_base-cc_bajo*LOG10(1/sv_piso)-cc_alto*LOG10(A9)) | L9: =MIN(TAN(RADIANS(pe0-omega*K9))*sref^(1-m_)*A9^m_,A9*TAN(RADIANS(tope))) | M9: 0.438 | N9: =MIN(TAN(RADIANS(pe0-omega*M9))*sref^(1-m_)*A9^m_,A9*TAN(RADIANS(tope))) | O9: =DEGREES(ATAN(TAN(RADIANS(33))*(A9/sref)^(0.9-1))) | P9: =DEGREES(ATAN(1.446*(A9*1000)^0.898/(A9*1000))) | Q9: =A9*TAN(RADIANS(O9)) | R9: =A9*TAN(RADIANS(P9)) | S9: =A9*TAN(RADIANS(37))
A10: 0.3 | B10: con ensayos de Antamina | C10: =MIN(TAN(RADIANS(pe0-omega*e_base))*sref^(1-m_)*A10^m_,A10*TAN(RADIANS(tope))) | D10: =DEGREES(ATAN(C10/A10)) | E10: =MIN(DEGREES(ATAN(TAN(RADIANS(Parametros!$E$12-omega*e_base))*(A10/sref)^(Parametros!$B$12-1))),DEGREES(ATAN(TAN(RADIANS(Parametros!$E$13-omega*e_base))*(A10/sref)^(Parametros!$B$13-1))),DEGREES(ATAN(TAN(RADIANS(Parametros!$E$14-omega*e_base))*(A10/sref)^(Parametros!$B$14-1))),DEGREES(ATAN(TAN(RADIANS(Parametros!$E$15-omega*e_base))*(A10/sref)^(Parametros!$B$15-1))),DEGREES(ATAN(TAN(RADIANS(Parametros!$E$16-omega*e_base))*(A10/sref)^(Parametros!$B$16-1)))) | F10: =MAX(DEGREES(ATAN(TAN(RADIANS(Parametros!$F$12-omega*e_base))*(A10/sref)^(Parametros!$B$12-1))),DEGREES(ATAN(TAN(RADIANS(Parametros!$F$13-omega*e_base))*(A10/sref)^(Parametros!$B$13-1))),DEGREES(ATAN(TAN(RADIANS(Parametros!$F$14-omega*e_base))*(A10/sref)^(Parametros!$B$14-1))),DEGREES(ATAN(TAN(RADIANS(Parametros!$F$15-omega*e_base))*(A10/sref)^(Parametros!$B$15-1))),DEGREES(ATAN(TAN(RADIANS(Parametros!$F$16-omega*e_base))*(A10/sref)^(Parametros!$B$16-1)))) | G10: =A10*TAN(RADIANS(E10)) | H10: =A10*TAN(RADIANS(F10)) | I10: =MIN(TAN(RADIANS(pe0-omega*0.55))*sref^(1-m_)*A10^m_,A10*TAN(RADIANS(tope))) | J10: =MIN(TAN(RADIANS(pe0-omega*0.65))*sref^(1-m_)*A10^m_,A10*TAN(RADIANS(tope))) | K10: =IF(MAX(A10,sv_piso)<=1,e_base-cc_bajo*LOG10(MAX(A10,sv_piso)/sv_piso),e_base-cc_bajo*LOG10(1/sv_piso)-cc_alto*LOG10(A10)) | L10: =MIN(TAN(RADIANS(pe0-omega*K10))*sref^(1-m_)*A10^m_,A10*TAN(RADIANS(tope))) | M10: 0.432 | N10: =MIN(TAN(RADIANS(pe0-omega*M10))*sref^(1-m_)*A10^m_,A10*TAN(RADIANS(tope))) | O10: =DEGREES(ATAN(TAN(RADIANS(33))*(A10/sref)^(0.9-1))) | P10: =DEGREES(ATAN(1.446*(A10*1000)^0.898/(A10*1000))) | Q10: =A10*TAN(RADIANS(O10)) | R10: =A10*TAN(RADIANS(P10)) | S10: =A10*TAN(RADIANS(37))
A11: 0.5 | B11: con ensayos de Antamina | C11: =MIN(TAN(RADIANS(pe0-omega*e_base))*sref^(1-m_)*A11^m_,A11*TAN(RADIANS(tope))) | D11: =DEGREES(ATAN(C11/A11)) | E11: =MIN(DEGREES(ATAN(TAN(RADIANS(Parametros!$E$12-omega*e_base))*(A11/sref)^(Parametros!$B$12-1))),DEGREES(ATAN(TAN(RADIANS(Parametros!$E$13-omega*e_base))*(A11/sref)^(Parametros!$B$13-1))),DEGREES(ATAN(TAN(RADIANS(Parametros!$E$14-omega*e_base))*(A11/sref)^(Parametros!$B$14-1))),DEGREES(ATAN(TAN(RADIANS(Parametros!$E$15-omega*e_base))*(A11/sref)^(Parametros!$B$15-1))),DEGREES(ATAN(TAN(RADIANS(Parametros!$E$16-omega*e_base))*(A11/sref)^(Parametros!$B$16-1)))) | F11: =MAX(DEGREES(ATAN(TAN(RADIANS(Parametros!$F$12-omega*e_base))*(A11/sref)^(Parametros!$B$12-1))),DEGREES(ATAN(TAN(RADIANS(Parametros!$F$13-omega*e_base))*(A11/sref)^(Parametros!$B$13-1))),DEGREES(ATAN(TAN(RADIANS(Parametros!$F$14-omega*e_base))*(A11/sref)^(Parametros!$B$14-1))),DEGREES(ATAN(TAN(RADIANS(Parametros!$F$15-omega*e_base))*(A11/sref)^(Parametros!$B$15-1))),DEGREES(ATAN(TAN(RADIANS(Parametros!$F$16-omega*e_base))*(A11/sref)^(Parametros!$B$16-1)))) | G11: =A11*TAN(RADIANS(E11)) | H11: =A11*TAN(RADIANS(F11)) | I11: =MIN(TAN(RADIANS(pe0-omega*0.55))*sref^(1-m_)*A11^m_,A11*TAN(RADIANS(tope))) | J11: =MIN(TAN(RADIANS(pe0-omega*0.65))*sref^(1-m_)*A11^m_,A11*TAN(RADIANS(tope))) | K11: =IF(MAX(A11,sv_piso)<=1,e_base-cc_bajo*LOG10(MAX(A11,sv_piso)/sv_piso),e_base-cc_bajo*LOG10(1/sv_piso)-cc_alto*LOG10(A11)) | L11: =MIN(TAN(RADIANS(pe0-omega*K11))*sref^(1-m_)*A11^m_,A11*TAN(RADIANS(tope))) | M11: 0.4201 | N11: =MIN(TAN(RADIANS(pe0-omega*M11))*sref^(1-m_)*A11^m_,A11*TAN(RADIANS(tope))) | O11: =DEGREES(ATAN(TAN(RADIANS(33))*(A11/sref)^(0.9-1))) | P11: =DEGREES(ATAN(1.446*(A11*1000)^0.898/(A11*1000))) | Q11: =A11*TAN(RADIANS(O11)) | R11: =A11*TAN(RADIANS(P11)) | S11: =A11*TAN(RADIANS(37))
A12: 0.7 | B12: con ensayos de Antamina | C12: =MIN(TAN(RADIANS(pe0-omega*e_base))*sref^(1-m_)*A12^m_,A12*TAN(RADIANS(tope))) | D12: =DEGREES(ATAN(C12/A12)) | E12: =MIN(DEGREES(ATAN(TAN(RADIANS(Parametros!$E$12-omega*e_base))*(A12/sref)^(Parametros!$B$12-1))),DEGREES(ATAN(TAN(RADIANS(Parametros!$E$13-omega*e_base))*(A12/sref)^(Parametros!$B$13-1))),DEGREES(ATAN(TAN(RADIANS(Parametros!$E$14-omega*e_base))*(A12/sref)^(Parametros!$B$14-1))),DEGREES(ATAN(TAN(RADIANS(Parametros!$E$15-omega*e_base))*(A12/sref)^(Parametros!$B$15-1))),DEGREES(ATAN(TAN(RADIANS(Parametros!$E$16-omega*e_base))*(A12/sref)^(Parametros!$B$16-1)))) | F12: =MAX(DEGREES(ATAN(TAN(RADIANS(Parametros!$F$12-omega*e_base))*(A12/sref)^(Parametros!$B$12-1))),DEGREES(ATAN(TAN(RADIANS(Parametros!$F$13-omega*e_base))*(A12/sref)^(Parametros!$B$13-1))),DEGREES(ATAN(TAN(RADIANS(Parametros!$F$14-omega*e_base))*(A12/sref)^(Parametros!$B$14-1))),DEGREES(ATAN(TAN(RADIANS(Parametros!$F$15-omega*e_base))*(A12/sref)^(Parametros!$B$15-1))),DEGREES(ATAN(TAN(RADIANS(Parametros!$F$16-omega*e_base))*(A12/sref)^(Parametros!$B$16-1)))) | G12: =A12*TAN(RADIANS(E12)) | H12: =A12*TAN(RADIANS(F12)) | I12: =MIN(TAN(RADIANS(pe0-omega*0.55))*sref^(1-m_)*A12^m_,A12*TAN(RADIANS(tope))) | J12: =MIN(TAN(RADIANS(pe0-omega*0.65))*sref^(1-m_)*A12^m_,A12*TAN(RADIANS(tope))) | K12: =IF(MAX(A12,sv_piso)<=1,e_base-cc_bajo*LOG10(MAX(A12,sv_piso)/sv_piso),e_base-cc_bajo*LOG10(1/sv_piso)-cc_alto*LOG10(A12)) | L12: =MIN(TAN(RADIANS(pe0-omega*K12))*sref^(1-m_)*A12^m_,A12*TAN(RADIANS(tope))) | M12: 0.4083 | N12: =MIN(TAN(RADIANS(pe0-omega*M12))*sref^(1-m_)*A12^m_,A12*TAN(RADIANS(tope))) | O12: =DEGREES(ATAN(TAN(RADIANS(33))*(A12/sref)^(0.9-1))) | P12: =DEGREES(ATAN(1.446*(A12*1000)^0.898/(A12*1000))) | Q12: =A12*TAN(RADIANS(O12)) | R12: =A12*TAN(RADIANS(P12)) | S12: =A12*TAN(RADIANS(37))
A13: 1 | B13: con ensayos de Antamina | C13: =MIN(TAN(RADIANS(pe0-omega*e_base))*sref^(1-m_)*A13^m_,A13*TAN(RADIANS(tope))) | D13: =DEGREES(ATAN(C13/A13)) | E13: =MIN(DEGREES(ATAN(TAN(RADIANS(Parametros!$E$12-omega*e_base))*(A13/sref)^(Parametros!$B$12-1))),DEGREES(ATAN(TAN(RADIANS(Parametros!$E$13-omega*e_base))*(A13/sref)^(Parametros!$B$13-1))),DEGREES(ATAN(TAN(RADIANS(Parametros!$E$14-omega*e_base))*(A13/sref)^(Parametros!$B$14-1))),DEGREES(ATAN(TAN(RADIANS(Parametros!$E$15-omega*e_base))*(A13/sref)^(Parametros!$B$15-1))),DEGREES(ATAN(TAN(RADIANS(Parametros!$E$16-omega*e_base))*(A13/sref)^(Parametros!$B$16-1)))) | F13: =MAX(DEGREES(ATAN(TAN(RADIANS(Parametros!$F$12-omega*e_base))*(A13/sref)^(Parametros!$B$12-1))),DEGREES(ATAN(TAN(RADIANS(Parametros!$F$13-omega*e_base))*(A13/sref)^(Parametros!$B$13-1))),DEGREES(ATAN(TAN(RADIANS(Parametros!$F$14-omega*e_base))*(A13/sref)^(Parametros!$B$14-1))),DEGREES(ATAN(TAN(RADIANS(Parametros!$F$15-omega*e_base))*(A13/sref)^(Parametros!$B$15-1))),DEGREES(ATAN(TAN(RADIANS(Parametros!$F$16-omega*e_base))*(A13/sref)^(Parametros!$B$16-1)))) | G13: =A13*TAN(RADIANS(E13)) | H13: =A13*TAN(RADIANS(F13)) | I13: =MIN(TAN(RADIANS(pe0-omega*0.55))*sref^(1-m_)*A13^m_,A13*TAN(RADIANS(tope))) | J13: =MIN(TAN(RADIANS(pe0-omega*0.65))*sref^(1-m_)*A13^m_,A13*TAN(RADIANS(tope))) | K13: =IF(MAX(A13,sv_piso)<=1,e_base-cc_bajo*LOG10(MAX(A13,sv_piso)/sv_piso),e_base-cc_bajo*LOG10(1/sv_piso)-cc_alto*LOG10(A13)) | L13: =MIN(TAN(RADIANS(pe0-omega*K13))*sref^(1-m_)*A13^m_,A13*TAN(RADIANS(tope))) | M13: 0.3934 | N13: =MIN(TAN(RADIANS(pe0-omega*M13))*sref^(1-m_)*A13^m_,A13*TAN(RADIANS(tope))) | O13: =DEGREES(ATAN(TAN(RADIANS(33))*(A13/sref)^(0.9-1))) | P13: =DEGREES(ATAN(1.446*(A13*1000)^0.898/(A13*1000))) | Q13: =A13*TAN(RADIANS(O13)) | R13: =A13*TAN(RADIANS(P13)) | S13: =A13*TAN(RADIANS(37))
... A18: 4.6 | B18: con ensayos de Antamina | C18: =MIN(TAN(RADIANS(pe0-omega*e_base))*sref^(1-m_)*A18^m_,A18*TAN(RADIANS(tope))) | D18: =DEGREES(ATAN(C18/A18)) | E18: =MIN(DEGREES(ATAN(TAN(RADIANS(Parametros!$E$12-omega*e_base))*(A18/sref)^(Parametros!$B$12-1))),DEGREES(ATAN(TAN(RADIANS(Parametros!$E$13-omega*e_base))*(A18/sref)^(Parametros!$B$13-1))),DEGREES(ATAN(TAN(RADIANS(Parametros!$E$14-omega*e_base))*(A18/sref)^(Parametros!$B$14-1))),DEGREES(ATAN(TAN(RADIANS(Parametros!$E$15-omega*e_base))*(A18/sref)^(Parametros!$B$15-1))),DEGREES(ATAN(TAN(RADIANS(Parametros!$E$16-omega*e_base))*(A18/sref)^(Parametros!$B$16-1)))) | F18: =MAX(DEGREES(ATAN(TAN(RADIANS(Parametros!$F$12-omega*e_base))*(A18/sref)^(Parametros!$B$12-1))),DEGREES(ATAN(TAN(RADIANS(Parametros!$F$13-omega*e_base))*(A18/sref)^(Parametros!$B$13-1))),DEGREES(ATAN(TAN(RADIANS(Parametros!$F$14-omega*e_base))*(A18/sref)^(Parametros!$B$14-1))),DEGREES(ATAN(TAN(RADIANS(Parametros!$F$15-omega*e_base))*(A18/sref)^(Parametros!$B$15-1))),DEGREES(ATAN(TAN(RADIANS(Parametros!$F$16-omega*e_base))*(A18/sref)^(Parametros!$B$16-1)))) | G18: =A18*TAN(RADIANS(E18)) | H18: =A18*TAN(RADIANS(F18)) | I18: =MIN(TAN(RADIANS(pe0-omega*0.55))*sref^(1-m_)*A18^m_,A18*TAN(RADIANS(tope))) | J18: =MIN(TAN(RADIANS(pe0-omega*0.65))*sref^(1-m_)*A18^m_,A18*TAN(RADIANS(tope))) | K18: =IF(MAX(A18,sv_piso)<=1,e_base-cc_bajo*LOG10(MAX(A18,sv_piso)/sv_piso),e_base-cc_bajo*LOG10(1/sv_piso)-cc_alto*LOG10(A18)) | L18: =MIN(TAN(RADIANS(pe0-omega*K18))*sref^(1-m_)*A18^m_,A18*TAN(RADIANS(tope))) | M18: 0.2541 | N18: =MIN(TAN(RADIANS(pe0-omega*M18))*sref^(1-m_)*A18^m_,A18*TAN(RADIANS(tope))) | O18: =DEGREES(ATAN(TAN(RADIANS(33))*(A18/sref)^(0.9-1))) | P18: =DEGREES(ATAN(1.446*(A18*1000)^0.898/(A18*1000))) | Q18: =A18*TAN(RADIANS(O18)) | R18: =A18*TAN(RADIANS(P18)) | S18: =A18*TAN(RADIANS(37))
A19: 5 | B19: solo base mundial | C19: =MIN(TAN(RADIANS(pe0-omega*e_base))*sref^(1-m_)*A19^m_,A19*TAN(RADIANS(tope))) | D19: =DEGREES(ATAN(C19/A19)) | E19: =MIN(DEGREES(ATAN(TAN(RADIANS(Parametros!$E$12-omega*e_base))*(A19/sref)^(Parametros!$B$12-1))),DEGREES(ATAN(TAN(RADIANS(Parametros!$E$13-omega*e_base))*(A19/sref)^(Parametros!$B$13-1))),DEGREES(ATAN(TAN(RADIANS(Parametros!$E$14-omega*e_base))*(A19/sref)^(Parametros!$B$14-1))),DEGREES(ATAN(TAN(RADIANS(Parametros!$E$15-omega*e_base))*(A19/sref)^(Parametros!$B$15-1))),DEGREES(ATAN(TAN(RADIANS(Parametros!$E$16-omega*e_base))*(A19/sref)^(Parametros!$B$16-1)))) | F19: =MAX(DEGREES(ATAN(TAN(RADIANS(Parametros!$F$12-omega*e_base))*(A19/sref)^(Parametros!$B$12-1))),DEGREES(ATAN(TAN(RADIANS(Parametros!$F$13-omega*e_base))*(A19/sref)^(Parametros!$B$13-1))),DEGREES(ATAN(TAN(RADIANS(Parametros!$F$14-omega*e_base))*(A19/sref)^(Parametros!$B$14-1))),DEGREES(ATAN(TAN(RADIANS(Parametros!$F$15-omega*e_base))*(A19/sref)^(Parametros!$B$15-1))),DEGREES(ATAN(TAN(RADIANS(Parametros!$F$16-omega*e_base))*(A19/sref)^(Parametros!$B$16-1)))) | G19: =A19*TAN(RADIANS(E19)) | H19: =A19*TAN(RADIANS(F19)) | I19: =MIN(TAN(RADIANS(pe0-omega*0.55))*sref^(1-m_)*A19^m_,A19*TAN(RADIANS(tope))) | J19: =MIN(TAN(RADIANS(pe0-omega*0.65))*sref^(1-m_)*A19^m_,A19*TAN(RADIANS(tope))) | K19: =IF(MAX(A19,sv_piso)<=1,e_base-cc_bajo*LOG10(MAX(A19,sv_piso)/sv_piso),e_base-cc_bajo*LOG10(1/sv_piso)-cc_alto*LOG10(A19)) | L19: =MIN(TAN(RADIANS(pe0-omega*K19))*sref^(1-m_)*A19^m_,A19*TAN(RADIANS(tope))) | M19: 0.2433 | N19: =MIN(TAN(RADIANS(pe0-omega*M19))*sref^(1-m_)*A19^m_,A19*TAN(RADIANS(tope))) | O19: =DEGREES(ATAN(TAN(RADIANS(33))*(A19/sref)^(0.9-1))) | P19: =DEGREES(ATAN(1.446*(A19*1000)^0.898/(A19*1000))) | Q19: =A19*TAN(RADIANS(O19)) | R19: =A19*TAN(RADIANS(P19)) | S19: =A19*TAN(RADIANS(37)) | T19: 33
A20: 6 | B20: solo base mundial | C20: =MIN(TAN(RADIANS(pe0-omega*e_base))*sref^(1-m_)*A20^m_,A20*TAN(RADIANS(tope))) | D20: =DEGREES(ATAN(C20/A20)) | E20: =MIN(DEGREES(ATAN(TAN(RADIANS(Parametros!$E$12-omega*e_base))*(A20/sref)^(Parametros!$B$12-1))),DEGREES(ATAN(TAN(RADIANS(Parametros!$E$13-omega*e_base))*(A20/sref)^(Parametros!$B$13-1))),DEGREES(ATAN(TAN(RADIANS(Parametros!$E$14-omega*e_base))*(A20/sref)^(Parametros!$B$14-1))),DEGREES(ATAN(TAN(RADIANS(Parametros!$E$15-omega*e_base))*(A20/sref)^(Parametros!$B$15-1))),DEGREES(ATAN(TAN(RADIANS(Parametros!$E$16-omega*e_base))*(A20/sref)^(Parametros!$B$16-1)))) | F20: =MAX(DEGREES(ATAN(TAN(RADIANS(Parametros!$F$12-omega*e_base))*(A20/sref)^(Parametros!$B$12-1))),DEGREES(ATAN(TAN(RADIANS(Parametros!$F$13-omega*e_base))*(A20/sref)^(Parametros!$B$13-1))),DEGREES(ATAN(TAN(RADIANS(Parametros!$F$14-omega*e_base))*(A20/sref)^(Parametros!$B$14-1))),DEGREES(ATAN(TAN(RADIANS(Parametros!$F$15-omega*e_base))*(A20/sref)^(Parametros!$B$15-1))),DEGREES(ATAN(TAN(RADIANS(Parametros!$F$16-omega*e_base))*(A20/sref)^(Parametros!$B$16-1)))) | G20: =A20*TAN(RADIANS(E20)) | H20: =A20*TAN(RADIANS(F20)) | I20: =MIN(TAN(RADIANS(pe0-omega*0.55))*sref^(1-m_)*A20^m_,A20*TAN(RADIANS(tope))) | J20: =MIN(TAN(RADIANS(pe0-omega*0.65))*sref^(1-m_)*A20^m_,A20*TAN(RADIANS(tope))) | K20: =IF(MAX(A20,sv_piso)<=1,e_base-cc_bajo*LOG10(MAX(A20,sv_piso)/sv_piso),e_base-cc_bajo*LOG10(1/sv_piso)-cc_alto*LOG10(A20)) | L20: =MIN(TAN(RADIANS(pe0-omega*K20))*sref^(1-m_)*A20^m_,A20*TAN(RADIANS(tope))) | M20: 0.2176 | N20: =MIN(TAN(RADIANS(pe0-omega*M20))*sref^(1-m_)*A20^m_,A20*TAN(RADIANS(tope))) | O20: =DEGREES(ATAN(TAN(RADIANS(33))*(A20/sref)^(0.9-1))) | P20: =DEGREES(ATAN(1.446*(A20*1000)^0.898/(A20*1000))) | Q20: =A20*TAN(RADIANS(O20)) | R20: =A20*TAN(RADIANS(P20)) | S20: =A20*TAN(RADIANS(37)) | T20: 33
A21: 7 | B21: solo base mundial | C21: =MIN(TAN(RADIANS(pe0-omega*e_base))*sref^(1-m_)*A21^m_,A21*TAN(RADIANS(tope))) | D21: =DEGREES(ATAN(C21/A21)) | E21: =MIN(DEGREES(ATAN(TAN(RADIANS(Parametros!$E$12-omega*e_base))*(A21/sref)^(Parametros!$B$12-1))),DEGREES(ATAN(TAN(RADIANS(Parametros!$E$13-omega*e_base))*(A21/sref)^(Parametros!$B$13-1))),DEGREES(ATAN(TAN(RADIANS(Parametros!$E$14-omega*e_base))*(A21/sref)^(Parametros!$B$14-1))),DEGREES(ATAN(TAN(RADIANS(Parametros!$E$15-omega*e_base))*(A21/sref)^(Parametros!$B$15-1))),DEGREES(ATAN(TAN(RADIANS(Parametros!$E$16-omega*e_base))*(A21/sref)^(Parametros!$B$16-1)))) | F21: =MAX(DEGREES(ATAN(TAN(RADIANS(Parametros!$F$12-omega*e_base))*(A21/sref)^(Parametros!$B$12-1))),DEGREES(ATAN(TAN(RADIANS(Parametros!$F$13-omega*e_base))*(A21/sref)^(Parametros!$B$13-1))),DEGREES(ATAN(TAN(RADIANS(Parametros!$F$14-omega*e_base))*(A21/sref)^(Parametros!$B$14-1))),DEGREES(ATAN(TAN(RADIANS(Parametros!$F$15-omega*e_base))*(A21/sref)^(Parametros!$B$15-1))),DEGREES(ATAN(TAN(RADIANS(Parametros!$F$16-omega*e_base))*(A21/sref)^(Parametros!$B$16-1)))) | G21: =A21*TAN(RADIANS(E21)) | H21: =A21*TAN(RADIANS(F21)) | I21: =MIN(TAN(RADIANS(pe0-omega*0.55))*sref^(1-m_)*A21^m_,A21*TAN(RADIANS(tope))) | J21: =MIN(TAN(RADIANS(pe0-omega*0.65))*sref^(1-m_)*A21^m_,A21*TAN(RADIANS(tope))) | K21: =IF(MAX(A21,sv_piso)<=1,e_base-cc_bajo*LOG10(MAX(A21,sv_piso)/sv_piso),e_base-cc_bajo*LOG10(1/sv_piso)-cc_alto*LOG10(A21)) | L21: =MIN(TAN(RADIANS(pe0-omega*K21))*sref^(1-m_)*A21^m_,A21*TAN(RADIANS(tope))) | M21: 0.1991 | N21: =MIN(TAN(RADIANS(pe0-omega*M21))*sref^(1-m_)*A21^m_,A21*TAN(RADIANS(tope))) | O21: =DEGREES(ATAN(TAN(RADIANS(33))*(A21/sref)^(0.9-1))) | P21: =DEGREES(ATAN(1.446*(A21*1000)^0.898/(A21*1000))) | Q21: =A21*TAN(RADIANS(O21)) | R21: =A21*TAN(RADIANS(P21)) | S21: =A21*TAN(RADIANS(37)) | T21: 33
A22: 7.86 | B22: solo base mundial | C22: =MIN(TAN(RADIANS(pe0-omega*e_base))*sref^(1-m_)*A22^m_,A22*TAN(RADIANS(tope))) | D22: =DEGREES(ATAN(C22/A22)) | E22: =MIN(DEGREES(ATAN(TAN(RADIANS(Parametros!$E$12-omega*e_base))*(A22/sref)^(Parametros!$B$12-1))),DEGREES(ATAN(TAN(RADIANS(Parametros!$E$13-omega*e_base))*(A22/sref)^(Parametros!$B$13-1))),DEGREES(ATAN(TAN(RADIANS(Parametros!$E$14-omega*e_base))*(A22/sref)^(Parametros!$B$14-1))),DEGREES(ATAN(TAN(RADIANS(Parametros!$E$15-omega*e_base))*(A22/sref)^(Parametros!$B$15-1))),DEGREES(ATAN(TAN(RADIANS(Parametros!$E$16-omega*e_base))*(A22/sref)^(Parametros!$B$16-1)))) | F22: =MAX(DEGREES(ATAN(TAN(RADIANS(Parametros!$F$12-omega*e_base))*(A22/sref)^(Parametros!$B$12-1))),DEGREES(ATAN(TAN(RADIANS(Parametros!$F$13-omega*e_base))*(A22/sref)^(Parametros!$B$13-1))),DEGREES(ATAN(TAN(RADIANS(Parametros!$F$14-omega*e_base))*(A22/sref)^(Parametros!$B$14-1))),DEGREES(ATAN(TAN(RADIANS(Parametros!$F$15-omega*e_base))*(A22/sref)^(Parametros!$B$15-1))),DEGREES(ATAN(TAN(RADIANS(Parametros!$F$16-omega*e_base))*(A22/sref)^(Parametros!$B$16-1)))) | G22: =A22*TAN(RADIANS(E22)) | H22: =A22*TAN(RADIANS(F22)) | I22: =MIN(TAN(RADIANS(pe0-omega*0.55))*sref^(1-m_)*A22^m_,A22*TAN(RADIANS(tope))) | J22: =MIN(TAN(RADIANS(pe0-omega*0.65))*sref^(1-m_)*A22^m_,A22*TAN(RADIANS(tope))) | K22: =IF(MAX(A22,sv_piso)<=1,e_base-cc_bajo*LOG10(MAX(A22,sv_piso)/sv_piso),e_base-cc_bajo*LOG10(1/sv_piso)-cc_alto*LOG10(A22)) | L22: =MIN(TAN(RADIANS(pe0-omega*K22))*sref^(1-m_)*A22^m_,A22*TAN(RADIANS(tope))) | M22: 0.1841 | N22: =MIN(TAN(RADIANS(pe0-omega*M22))*sref^(1-m_)*A22^m_,A22*TAN(RADIANS(tope))) | O22: =DEGREES(ATAN(TAN(RADIANS(33))*(A22/sref)^(0.9-1))) | P22: =DEGREES(ATAN(1.446*(A22*1000)^0.898/(A22*1000))) | Q22: =A22*TAN(RADIANS(O22)) | R22: =A22*TAN(RADIANS(P22)) | S22: =A22*TAN(RADIANS(37)) | T22: 33
A23: 8 | B23: extrapolación | C23: =MIN(TAN(RADIANS(pe0-omega*e_base))*sref^(1-m_)*A23^m_,A23*TAN(RADIANS(tope))) | D23: =DEGREES(ATAN(C23/A23)) | E23: =MIN(DEGREES(ATAN(TAN(RADIANS(Parametros!$E$12-omega*e_base))*(A23/sref)^(Parametros!$B$12-1))),DEGREES(ATAN(TAN(RADIANS(Parametros!$E$13-omega*e_base))*(A23/sref)^(Parametros!$B$13-1))),DEGREES(ATAN(TAN(RADIANS(Parametros!$E$14-omega*e_base))*(A23/sref)^(Parametros!$B$14-1))),DEGREES(ATAN(TAN(RADIANS(Parametros!$E$15-omega*e_base))*(A23/sref)^(Parametros!$B$15-1))),DEGREES(ATAN(TAN(RADIANS(Parametros!$E$16-omega*e_base))*(A23/sref)^(Parametros!$B$16-1)))) | F23: =MAX(DEGREES(ATAN(TAN(RADIANS(Parametros!$F$12-omega*e_base))*(A23/sref)^(Parametros!$B$12-1))),DEGREES(ATAN(TAN(RADIANS(Parametros!$F$13-omega*e_base))*(A23/sref)^(Parametros!$B$13-1))),DEGREES(ATAN(TAN(RADIANS(Parametros!$F$14-omega*e_base))*(A23/sref)^(Parametros!$B$14-1))),DEGREES(ATAN(TAN(RADIANS(Parametros!$F$15-omega*e_base))*(A23/sref)^(Parametros!$B$15-1))),DEGREES(ATAN(TAN(RADIANS(Parametros!$F$16-omega*e_base))*(A23/sref)^(Parametros!$B$16-1)))) | G23: =A23*TAN(RADIANS(E23)) | H23: =A23*TAN(RADIANS(F23)) | I23: =MIN(TAN(RADIANS(pe0-omega*0.55))*sref^(1-m_)*A23^m_,A23*TAN(RADIANS(tope))) | J23: =MIN(TAN(RADIANS(pe0-omega*0.65))*sref^(1-m_)*A23^m_,A23*TAN(RADIANS(tope))) | K23: =IF(MAX(A23,sv_piso)<=1,e_base-cc_bajo*LOG10(MAX(A23,sv_piso)/sv_piso),e_base-cc_bajo*LOG10(1/sv_piso)-cc_alto*LOG10(A23)) | L23: =MIN(TAN(RADIANS(pe0-omega*K23))*sref^(1-m_)*A23^m_,A23*TAN(RADIANS(tope))) | M23: 0.1817 | N23: =MIN(TAN(RADIANS(pe0-omega*M23))*sref^(1-m_)*A23^m_,A23*TAN(RADIANS(tope))) | O23: =DEGREES(ATAN(TAN(RADIANS(33))*(A23/sref)^(0.9-1))) | P23: =DEGREES(ATAN(1.446*(A23*1000)^0.898/(A23*1000))) | Q23: =A23*TAN(RADIANS(O23)) | R23: =A23*TAN(RADIANS(P23)) | S23: =A23*TAN(RADIANS(37)) | T23: 33
A24: 9 | B24: extrapolación | C24: =MIN(TAN(RADIANS(pe0-omega*e_base))*sref^(1-m_)*A24^m_,A24*TAN(RADIANS(tope))) | D24: =DEGREES(ATAN(C24/A24)) | E24: =MIN(DEGREES(ATAN(TAN(RADIANS(Parametros!$E$12-omega*e_base))*(A24/sref)^(Parametros!$B$12-1))),DEGREES(ATAN(TAN(RADIANS(Parametros!$E$13-omega*e_base))*(A24/sref)^(Parametros!$B$13-1))),DEGREES(ATAN(TAN(RADIANS(Parametros!$E$14-omega*e_base))*(A24/sref)^(Parametros!$B$14-1))),DEGREES(ATAN(TAN(RADIANS(Parametros!$E$15-omega*e_base))*(A24/sref)^(Parametros!$B$15-1))),DEGREES(ATAN(TAN(RADIANS(Parametros!$E$16-omega*e_base))*(A24/sref)^(Parametros!$B$16-1)))) | F24: =MAX(DEGREES(ATAN(TAN(RADIANS(Parametros!$F$12-omega*e_base))*(A24/sref)^(Parametros!$B$12-1))),DEGREES(ATAN(TAN(RADIANS(Parametros!$F$13-omega*e_base))*(A24/sref)^(Parametros!$B$13-1))),DEGREES(ATAN(TAN(RADIANS(Parametros!$F$14-omega*e_base))*(A24/sref)^(Parametros!$B$14-1))),DEGREES(ATAN(TAN(RADIANS(Parametros!$F$15-omega*e_base))*(A24/sref)^(Parametros!$B$15-1))),DEGREES(ATAN(TAN(RADIANS(Parametros!$F$16-omega*e_base))*(A24/sref)^(Parametros!$B$16-1)))) | G24: =A24*TAN(RADIANS(E24)) | H24: =A24*TAN(RADIANS(F24)) | I24: =MIN(TAN(RADIANS(pe0-omega*0.55))*sref^(1-m_)*A24^m_,A24*TAN(RADIANS(tope))) | J24: =MIN(TAN(RADIANS(pe0-omega*0.65))*sref^(1-m_)*A24^m_,A24*TAN(RADIANS(tope))) | K24: =IF(MAX(A24,sv_piso)<=1,e_base-cc_bajo*LOG10(MAX(A24,sv_piso)/sv_piso),e_base-cc_bajo*LOG10(1/sv_piso)-cc_alto*LOG10(A24)) | L24: =MIN(TAN(RADIANS(pe0-omega*K24))*sref^(1-m_)*A24^m_,A24*TAN(RADIANS(tope))) | M24: 0.1649 | N24: =MIN(TAN(RADIANS(pe0-omega*M24))*sref^(1-m_)*A24^m_,A24*TAN(RADIANS(tope))) | O24: =DEGREES(ATAN(TAN(RADIANS(33))*(A24/sref)^(0.9-1))) | P24: =DEGREES(ATAN(1.446*(A24*1000)^0.898/(A24*1000))) | Q24: =A24*TAN(RADIANS(O24)) | R24: =A24*TAN(RADIANS(P24)) | S24: =A24*TAN(RADIANS(37)) | T24: 33
A25: 10 | B25: extrapolación | C25: =MIN(TAN(RADIANS(pe0-omega*e_base))*sref^(1-m_)*A25^m_,A25*TAN(RADIANS(tope))) | D25: =DEGREES(ATAN(C25/A25)) | E25: =MIN(DEGREES(ATAN(TAN(RADIANS(Parametros!$E$12-omega*e_base))*(A25/sref)^(Parametros!$B$12-1))),DEGREES(ATAN(TAN(RADIANS(Parametros!$E$13-omega*e_base))*(A25/sref)^(Parametros!$B$13-1))),DEGREES(ATAN(TAN(RADIANS(Parametros!$E$14-omega*e_base))*(A25/sref)^(Parametros!$B$14-1))),DEGREES(ATAN(TAN(RADIANS(Parametros!$E$15-omega*e_base))*(A25/sref)^(Parametros!$B$15-1))),DEGREES(ATAN(TAN(RADIANS(Parametros!$E$16-omega*e_base))*(A25/sref)^(Parametros!$B$16-1)))) | F25: =MAX(DEGREES(ATAN(TAN(RADIANS(Parametros!$F$12-omega*e_base))*(A25/sref)^(Parametros!$B$12-1))),DEGREES(ATAN(TAN(RADIANS(Parametros!$F$13-omega*e_base))*(A25/sref)^(Parametros!$B$13-1))),DEGREES(ATAN(TAN(RADIANS(Parametros!$F$14-omega*e_base))*(A25/sref)^(Parametros!$B$14-1))),DEGREES(ATAN(TAN(RADIANS(Parametros!$F$15-omega*e_base))*(A25/sref)^(Parametros!$B$15-1))),DEGREES(ATAN(TAN(RADIANS(Parametros!$F$16-omega*e_base))*(A25/sref)^(Parametros!$B$16-1)))) | G25: =A25*TAN(RADIANS(E25)) | H25: =A25*TAN(RADIANS(F25)) | I25: =MIN(TAN(RADIANS(pe0-omega*0.55))*sref^(1-m_)*A25^m_,A25*TAN(RADIANS(tope))) | J25: =MIN(TAN(RADIANS(pe0-omega*0.65))*sref^(1-m_)*A25^m_,A25*TAN(RADIANS(tope))) | K25: =IF(MAX(A25,sv_piso)<=1,e_base-cc_bajo*LOG10(MAX(A25,sv_piso)/sv_piso),e_base-cc_bajo*LOG10(1/sv_piso)-cc_alto*LOG10(A25)) | L25: =MIN(TAN(RADIANS(pe0-omega*K25))*sref^(1-m_)*A25^m_,A25*TAN(RADIANS(tope))) | M25: 0.1496 | N25: =MIN(TAN(RADIANS(pe0-omega*M25))*sref^(1-m_)*A25^m_,A25*TAN(RADIANS(tope))) | O25: =DEGREES(ATAN(TAN(RADIANS(33))*(A25/sref)^(0.9-1))) | P25: =DEGREES(ATAN(1.446*(A25*1000)^0.898/(A25*1000))) | Q25: =A25*TAN(RADIANS(O25)) | R25: =A25*TAN(RADIANS(P25)) | S25: =A25*TAN(RADIANS(37)) | T25: 33
A26: 11 | B26: extrapolación | C26: =MIN(TAN(RADIANS(pe0-omega*e_base))*sref^(1-m_)*A26^m_,A26*TAN(RADIANS(tope))) | D26: =DEGREES(ATAN(C26/A26)) | E26: =MIN(DEGREES(ATAN(TAN(RADIANS(Parametros!$E$12-omega*e_base))*(A26/sref)^(Parametros!$B$12-1))),DEGREES(ATAN(TAN(RADIANS(Parametros!$E$13-omega*e_base))*(A26/sref)^(Parametros!$B$13-1))),DEGREES(ATAN(TAN(RADIANS(Parametros!$E$14-omega*e_base))*(A26/sref)^(Parametros!$B$14-1))),DEGREES(ATAN(TAN(RADIANS(Parametros!$E$15-omega*e_base))*(A26/sref)^(Parametros!$B$15-1))),DEGREES(ATAN(TAN(RADIANS(Parametros!$E$16-omega*e_base))*(A26/sref)^(Parametros!$B$16-1)))) | F26: =MAX(DEGREES(ATAN(TAN(RADIANS(Parametros!$F$12-omega*e_base))*(A26/sref)^(Parametros!$B$12-1))),DEGREES(ATAN(TAN(RADIANS(Parametros!$F$13-omega*e_base))*(A26/sref)^(Parametros!$B$13-1))),DEGREES(ATAN(TAN(RADIANS(Parametros!$F$14-omega*e_base))*(A26/sref)^(Parametros!$B$14-1))),DEGREES(ATAN(TAN(RADIANS(Parametros!$F$15-omega*e_base))*(A26/sref)^(Parametros!$B$15-1))),DEGREES(ATAN(TAN(RADIANS(Parametros!$F$16-omega*e_base))*(A26/sref)^(Parametros!$B$16-1)))) | G26: =A26*TAN(RADIANS(E26)) | H26: =A26*TAN(RADIANS(F26)) | I26: =MIN(TAN(RADIANS(pe0-omega*0.55))*sref^(1-m_)*A26^m_,A26*TAN(RADIANS(tope))) | J26: =MIN(TAN(RADIANS(pe0-omega*0.65))*sref^(1-m_)*A26^m_,A26*TAN(RADIANS(tope))) | K26: =IF(MAX(A26,sv_piso)<=1,e_base-cc_bajo*LOG10(MAX(A26,sv_piso)/sv_piso),e_base-cc_bajo*LOG10(1/sv_piso)-cc_alto*LOG10(A26)) | L26: =MIN(TAN(RADIANS(pe0-omega*K26))*sref^(1-m_)*A26^m_,A26*TAN(RADIANS(tope))) | M26: 0.1392 | N26: =MIN(TAN(RADIANS(pe0-omega*M26))*sref^(1-m_)*A26^m_,A26*TAN(RADIANS(tope))) | O26: =DEGREES(ATAN(TAN(RADIANS(33))*(A26/sref)^(0.9-1))) | P26: =DEGREES(ATAN(1.446*(A26*1000)^0.898/(A26*1000))) | Q26: =A26*TAN(RADIANS(O26)) | R26: =A26*TAN(RADIANS(P26)) | S26: =A26*TAN(RADIANS(37)) | T26: 30
A27: 12 | B27: extrapolación | C27: =MIN(TAN(RADIANS(pe0-omega*e_base))*sref^(1-m_)*A27^m_,A27*TAN(RADIANS(tope))) | D27: =DEGREES(ATAN(C27/A27)) | E27: =MIN(DEGREES(ATAN(TAN(RADIANS(Parametros!$E$12-omega*e_base))*(A27/sref)^(Parametros!$B$12-1))),DEGREES(ATAN(TAN(RADIANS(Parametros!$E$13-omega*e_base))*(A27/sref)^(Parametros!$B$13-1))),DEGREES(ATAN(TAN(RADIANS(Parametros!$E$14-omega*e_base))*(A27/sref)^(Parametros!$B$14-1))),DEGREES(ATAN(TAN(RADIANS(Parametros!$E$15-omega*e_base))*(A27/sref)^(Parametros!$B$15-1))),DEGREES(ATAN(TAN(RADIANS(Parametros!$E$16-omega*e_base))*(A27/sref)^(Parametros!$B$16-1)))) | F27: =MAX(DEGREES(ATAN(TAN(RADIANS(Parametros!$F$12-omega*e_base))*(A27/sref)^(Parametros!$B$12-1))),DEGREES(ATAN(TAN(RADIANS(Parametros!$F$13-omega*e_base))*(A27/sref)^(Parametros!$B$13-1))),DEGREES(ATAN(TAN(RADIANS(Parametros!$F$14-omega*e_base))*(A27/sref)^(Parametros!$B$14-1))),DEGREES(ATAN(TAN(RADIANS(Parametros!$F$15-omega*e_base))*(A27/sref)^(Parametros!$B$15-1))),DEGREES(ATAN(TAN(RADIANS(Parametros!$F$16-omega*e_base))*(A27/sref)^(Parametros!$B$16-1)))) | G27: =A27*TAN(RADIANS(E27)) | H27: =A27*TAN(RADIANS(F27)) | I27: =MIN(TAN(RADIANS(pe0-omega*0.55))*sref^(1-m_)*A27^m_,A27*TAN(RADIANS(tope))) | J27: =MIN(TAN(RADIANS(pe0-omega*0.65))*sref^(1-m_)*A27^m_,A27*TAN(RADIANS(tope))) | K27: =IF(MAX(A27,sv_piso)<=1,e_base-cc_bajo*LOG10(MAX(A27,sv_piso)/sv_piso),e_base-cc_bajo*LOG10(1/sv_piso)-cc_alto*LOG10(A27)) | L27: =MIN(TAN(RADIANS(pe0-omega*K27))*sref^(1-m_)*A27^m_,A27*TAN(RADIANS(tope))) | M27: 0.1295 | N27: =MIN(TAN(RADIANS(pe0-omega*M27))*sref^(1-m_)*A27^m_,A27*TAN(RADIANS(tope))) | O27: =DEGREES(ATAN(TAN(RADIANS(33))*(A27/sref)^(0.9-1))) | P27: =DEGREES(ATAN(1.446*(A27*1000)^0.898/(A27*1000))) | Q27: =A27*TAN(RADIANS(O27)) | R27: =A27*TAN(RADIANS(P27)) | S27: =A27*TAN(RADIANS(37)) | T27: 30
A28: 13 | B28: extrapolación | C28: =MIN(TAN(RADIANS(pe0-omega*e_base))*sref^(1-m_)*A28^m_,A28*TAN(RADIANS(tope))) | D28: =DEGREES(ATAN(C28/A28)) | E28: =MIN(DEGREES(ATAN(TAN(RADIANS(Parametros!$E$12-omega*e_base))*(A28/sref)^(Parametros!$B$12-1))),DEGREES(ATAN(TAN(RADIANS(Parametros!$E$13-omega*e_base))*(A28/sref)^(Parametros!$B$13-1))),DEGREES(ATAN(TAN(RADIANS(Parametros!$E$14-omega*e_base))*(A28/sref)^(Parametros!$B$14-1))),DEGREES(ATAN(TAN(RADIANS(Parametros!$E$15-omega*e_base))*(A28/sref)^(Parametros!$B$15-1))),DEGREES(ATAN(TAN(RADIANS(Parametros!$E$16-omega*e_base))*(A28/sref)^(Parametros!$B$16-1)))) | F28: =MAX(DEGREES(ATAN(TAN(RADIANS(Parametros!$F$12-omega*e_base))*(A28/sref)^(Parametros!$B$12-1))),DEGREES(ATAN(TAN(RADIANS(Parametros!$F$13-omega*e_base))*(A28/sref)^(Parametros!$B$13-1))),DEGREES(ATAN(TAN(RADIANS(Parametros!$F$14-omega*e_base))*(A28/sref)^(Parametros!$B$14-1))),DEGREES(ATAN(TAN(RADIANS(Parametros!$F$15-omega*e_base))*(A28/sref)^(Parametros!$B$15-1))),DEGREES(ATAN(TAN(RADIANS(Parametros!$F$16-omega*e_base))*(A28/sref)^(Parametros!$B$16-1)))) | G28: =A28*TAN(RADIANS(E28)) | H28: =A28*TAN(RADIANS(F28)) | I28: =MIN(TAN(RADIANS(pe0-omega*0.55))*sref^(1-m_)*A28^m_,A28*TAN(RADIANS(tope))) | J28: =MIN(TAN(RADIANS(pe0-omega*0.65))*sref^(1-m_)*A28^m_,A28*TAN(RADIANS(tope))) | K28: =IF(MAX(A28,sv_piso)<=1,e_base-cc_bajo*LOG10(MAX(A28,sv_piso)/sv_piso),e_base-cc_bajo*LOG10(1/sv_piso)-cc_alto*LOG10(A28)) | L28: =MIN(TAN(RADIANS(pe0-omega*K28))*sref^(1-m_)*A28^m_,A28*TAN(RADIANS(tope))) | M28: 0.1221 | N28: =MIN(TAN(RADIANS(pe0-omega*M28))*sref^(1-m_)*A28^m_,A28*TAN(RADIANS(tope))) | O28: =DEGREES(ATAN(TAN(RADIANS(33))*(A28/sref)^(0.9-1))) | P28: =DEGREES(ATAN(1.446*(A28*1000)^0.898/(A28*1000))) | Q28: =A28*TAN(RADIANS(O28)) | R28: =A28*TAN(RADIANS(P28)) | S28: =A28*TAN(RADIANS(37)) | T28: 30
A29: 14 | B29: extrapolación | C29: =MIN(TAN(RADIANS(pe0-omega*e_base))*sref^(1-m_)*A29^m_,A29*TAN(RADIANS(tope))) | D29: =DEGREES(ATAN(C29/A29)) | E29: =MIN(DEGREES(ATAN(TAN(RADIANS(Parametros!$E$12-omega*e_base))*(A29/sref)^(Parametros!$B$12-1))),DEGREES(ATAN(TAN(RADIANS(Parametros!$E$13-omega*e_base))*(A29/sref)^(Parametros!$B$13-1))),DEGREES(ATAN(TAN(RADIANS(Parametros!$E$14-omega*e_base))*(A29/sref)^(Parametros!$B$14-1))),DEGREES(ATAN(TAN(RADIANS(Parametros!$E$15-omega*e_base))*(A29/sref)^(Parametros!$B$15-1))),DEGREES(ATAN(TAN(RADIANS(Parametros!$E$16-omega*e_base))*(A29/sref)^(Parametros!$B$16-1)))) | F29: =MAX(DEGREES(ATAN(TAN(RADIANS(Parametros!$F$12-omega*e_base))*(A29/sref)^(Parametros!$B$12-1))),DEGREES(ATAN(TAN(RADIANS(Parametros!$F$13-omega*e_base))*(A29/sref)^(Parametros!$B$13-1))),DEGREES(ATAN(TAN(RADIANS(Parametros!$F$14-omega*e_base))*(A29/sref)^(Parametros!$B$14-1))),DEGREES(ATAN(TAN(RADIANS(Parametros!$F$15-omega*e_base))*(A29/sref)^(Parametros!$B$15-1))),DEGREES(ATAN(TAN(RADIANS(Parametros!$F$16-omega*e_base))*(A29/sref)^(Parametros!$B$16-1)))) | G29: =A29*TAN(RADIANS(E29)) | H29: =A29*TAN(RADIANS(F29)) | I29: =MIN(TAN(RADIANS(pe0-omega*0.55))*sref^(1-m_)*A29^m_,A29*TAN(RADIANS(tope))) | J29: =MIN(TAN(RADIANS(pe0-omega*0.65))*sref^(1-m_)*A29^m_,A29*TAN(RADIANS(tope))) | K29: =IF(MAX(A29,sv_piso)<=1,e_base-cc_bajo*LOG10(MAX(A29,sv_piso)/sv_piso),e_base-cc_bajo*LOG10(1/sv_piso)-cc_alto*LOG10(A29)) | L29: =MIN(TAN(RADIANS(pe0-omega*K29))*sref^(1-m_)*A29^m_,A29*TAN(RADIANS(tope))) | O29: =DEGREES(ATAN(TAN(RADIANS(33))*(A29/sref)^(0.9-1))) | P29: =DEGREES(ATAN(1.446*(A29*1000)^0.898/(A29*1000))) | Q29: =A29*TAN(RADIANS(O29)) | R29: =A29*TAN(RADIANS(P29)) | S29: =A29*TAN(RADIANS(37)) | T29: 30
A30: 15 | B30: extrapolación | C30: =MIN(TAN(RADIANS(pe0-omega*e_base))*sref^(1-m_)*A30^m_,A30*TAN(RADIANS(tope))) | D30: =DEGREES(ATAN(C30/A30)) | E30: =MIN(DEGREES(ATAN(TAN(RADIANS(Parametros!$E$12-omega*e_base))*(A30/sref)^(Parametros!$B$12-1))),DEGREES(ATAN(TAN(RADIANS(Parametros!$E$13-omega*e_base))*(A30/sref)^(Parametros!$B$13-1))),DEGREES(ATAN(TAN(RADIANS(Parametros!$E$14-omega*e_base))*(A30/sref)^(Parametros!$B$14-1))),DEGREES(ATAN(TAN(RADIANS(Parametros!$E$15-omega*e_base))*(A30/sref)^(Parametros!$B$15-1))),DEGREES(ATAN(TAN(RADIANS(Parametros!$E$16-omega*e_base))*(A30/sref)^(Parametros!$B$16-1)))) | F30: =MAX(DEGREES(ATAN(TAN(RADIANS(Parametros!$F$12-omega*e_base))*(A30/sref)^(Parametros!$B$12-1))),DEGREES(ATAN(TAN(RADIANS(Parametros!$F$13-omega*e_base))*(A30/sref)^(Parametros!$B$13-1))),DEGREES(ATAN(TAN(RADIANS(Parametros!$F$14-omega*e_base))*(A30/sref)^(Parametros!$B$14-1))),DEGREES(ATAN(TAN(RADIANS(Parametros!$F$15-omega*e_base))*(A30/sref)^(Parametros!$B$15-1))),DEGREES(ATAN(TAN(RADIANS(Parametros!$F$16-omega*e_base))*(A30/sref)^(Parametros!$B$16-1)))) | G30: =A30*TAN(RADIANS(E30)) | H30: =A30*TAN(RADIANS(F30)) | I30: =MIN(TAN(RADIANS(pe0-omega*0.55))*sref^(1-m_)*A30^m_,A30*TAN(RADIANS(tope))) | J30: =MIN(TAN(RADIANS(pe0-omega*0.65))*sref^(1-m_)*A30^m_,A30*TAN(RADIANS(tope))) | K30: =IF(MAX(A30,sv_piso)<=1,e_base-cc_bajo*LOG10(MAX(A30,sv_piso)/sv_piso),e_base-cc_bajo*LOG10(1/sv_piso)-cc_alto*LOG10(A30)) | L30: =MIN(TAN(RADIANS(pe0-omega*K30))*sref^(1-m_)*A30^m_,A30*TAN(RADIANS(tope))) | O30: =DEGREES(ATAN(TAN(RADIANS(33))*(A30/sref)^(0.9-1))) | P30: =DEGREES(ATAN(1.446*(A30*1000)^0.898/(A30*1000))) | Q30: =A30*TAN(RADIANS(O30)) | R30: =A30*TAN(RADIANS(P30)) | S30: =A30*TAN(RADIANS(37)) | T30: 30

Sheet phi1_vs_e
A1: Set (ensayos del ajuste) | B1: Litología | C1: Ensayos | D1: e0 media | E1: φ′1 medio a su e0 (°) | G1: e | H1: Curva propuesta (°) | I1: Leps (1970), superior (46°) | J1: Leps (1970), media (41°) | K1: Leps (1970), inferior (36°) | L1: Indraratna et al. (1993) (33°) | N1: φ′e=0 del set = φ′1 + ω·e0 (°)
A2: G2012 | G2012-MN-C | B2: Mármol | C2: =COUNTIFS(Ensayos!$A$2:$A$500,"G2012",Ensayos!$B$2:$B$500,"G2012-MN-C",Ensayos!$F$2:$F$500,"Ajuste de la curva propuesta") | D2: =AVERAGEIFS(Ensayos!$J$2:$J$500,Ensayos!$A$2:$A$500,"G2012",Ensayos!$B$2:$B$500,"G2012-MN-C",Ensayos!$F$2:$F$500,"Ajuste de la curva propuesta") | E2: =AVERAGEIFS(Ensayos!$V$2:$V$500,Ensayos!$A$2:$A$500,"G2012",Ensayos!$B$2:$B$500,"G2012-MN-C",Ensayos!$F$2:$F$500,"Ajuste de la curva propuesta") | G2: 0 | H2: =pe0-omega*G2 | I2: 46 | J2: 41 | K2: 36 | L2: 33 | N2: =E2+omega*D2
A3: G2021 | G21-DESM-COMP | B3: Mezcla | C3: =COUNTIFS(Ensayos!$A$2:$A$500,"G2021",Ensayos!$B$2:$B$500,"G21-DESM-COMP",Ensayos!$F$2:$F$500,"Ajuste de la curva propuesta") | D3: =AVERAGEIFS(Ensayos!$J$2:$J$500,Ensayos!$A$2:$A$500,"G2021",Ensayos!$B$2:$B$500,"G21-DESM-COMP",Ensayos!$F$2:$F$500,"Ajuste de la curva propuesta") | E3: =AVERAGEIFS(Ensayos!$V$2:$V$500,Ensayos!$A$2:$A$500,"G2021",Ensayos!$B$2:$B$500,"G21-DESM-COMP",Ensayos!$F$2:$F$500,"Ajuste de la curva propuesta") | G3: 0.05 | H3: =pe0-omega*G3 | I3: 46 | J3: 41 | K3: 36 | L3: 33 | N3: =E3+omega*D3
A4: W2022 | HF-1.0m-IDIEM-mono | B4: Hornfels | C4: =COUNTIFS(Ensayos!$A$2:$A$500,"W2022",Ensayos!$B$2:$B$500,"HF-1.0m-IDIEM-mono",Ensayos!$F$2:$F$500,"Ajuste de la curva propuesta") | D4: =AVERAGEIFS(Ensayos!$J$2:$J$500,Ensayos!$A$2:$A$500,"W2022",Ensayos!$B$2:$B$500,"HF-1.0m-IDIEM-mono",Ensayos!$F$2:$F$500,"Ajuste de la curva propuesta") | E4: =AVERAGEIFS(Ensayos!$V$2:$V$500,Ensayos!$A$2:$A$500,"W2022",Ensayos!$B$2:$B$500,"HF-1.0m-IDIEM-mono",Ensayos!$F$2:$F$500,"Ajuste de la curva propuesta") | G4: 0.1 | H4: =pe0-omega*G4 | I4: 46 | J4: 41 | K4: 36 | L4: 33 | N4: =E4+omega*D4
A5: W2022 | HF-1.0m-IDIEM-cd | B5: Hornfels | C5: =COUNTIFS(Ensayos!$A$2:$A$500,"W2022",Ensayos!$B$2:$B$500,"HF-1.0m-IDIEM-cd",Ensayos!$F$2:$F$500,"Ajuste de la curva propuesta") | D5: =AVERAGEIFS(Ensayos!$J$2:$J$500,Ensayos!$A$2:$A$500,"W2022",Ensayos!$B$2:$B$500,"HF-1.0m-IDIEM-cd",Ensayos!$F$2:$F$500,"Ajuste de la curva propuesta") | E5: =AVERAGEIFS(Ensayos!$V$2:$V$500,Ensayos!$A$2:$A$500,"W2022",Ensayos!$B$2:$B$500,"HF-1.0m-IDIEM-cd",Ensayos!$F$2:$F$500,"Ajuste de la curva propuesta") | G5: 0.15 | H5: =pe0-omega*G5 | I5: 46 | J5: 41 | K5: 36 | L5: 33 | N5: =E5+omega*D5
A6: W2022 | HF-0.15m-Golder | B6: Hornfels | C6: =COUNTIFS(Ensayos!$A$2:$A$500,"W2022",Ensayos!$B$2:$B$500,"HF-0.15m-Golder",Ensayos!$F$2:$F$500,"Ajuste de la curva propuesta") | D6: =AVERAGEIFS(Ensayos!$J$2:$J$500,Ensayos!$A$2:$A$500,"W2022",Ensayos!$B$2:$B$500,"HF-0.15m-Golder",Ensayos!$F$2:$F$500,"Ajuste de la curva propuesta") | E6: =AVERAGEIFS(Ensayos!$V$2:$V$500,Ensayos!$A$2:$A$500,"W2022",Ensayos!$B$2:$B$500,"HF-0.15m-Golder",Ensayos!$F$2:$F$500,"Ajuste de la curva propuesta") | G6: 0.2 | H6: =pe0-omega*G6 | I6: 46 | J6: 41 | K6: 36 | L6: 33 | N6: =E6+omega*D6
A7: W2022 | MN-0.15m-Golder | B7: Mármol | C7: =COUNTIFS(Ensayos!$A$2:$A$500,"W2022",Ensayos!$B$2:$B$500,"MN-0.15m-Golder",Ensayos!$F$2:$F$500,"Ajuste de la curva propuesta") | D7: =AVERAGEIFS(Ensayos!$J$2:$J$500,Ensayos!$A$2:$A$500,"W2022",Ensayos!$B$2:$B$500,"MN-0.15m-Golder",Ensayos!$F$2:$F$500,"Ajuste de la curva propuesta") | E7: =AVERAGEIFS(Ensayos!$V$2:$V$500,Ensayos!$A$2:$A$500,"W2022",Ensayos!$B$2:$B$500,"MN-0.15m-Golder",Ensayos!$F$2:$F$500,"Ajuste de la curva propuesta") | G7: 0.25 | H7: =pe0-omega*G7 | I7: 46 | J7: 41 | K7: 36 | L7: 33 | N7: =E7+omega*D7
A8: W2024 | WSP24_C4_MON | B8: Intrusivo | C8: =COUNTIFS(Ensayos!$A$2:$A$500,"W2024",Ensayos!$B$2:$B$500,"WSP24_C4_MON",Ensayos!$F$2:$F$500,"Ajuste de la curva propuesta") | D8: =AVERAGEIFS(Ensayos!$J$2:$J$500,Ensayos!$A$2:$A$500,"W2024",Ensayos!$B$2:$B$500,"WSP24_C4_MON",Ensayos!$F$2:$F$500,"Ajuste de la curva propuesta") | E8: =AVERAGEIFS(Ensayos!$V$2:$V$500,Ensayos!$A$2:$A$500,"W2024",Ensayos!$B$2:$B$500,"WSP24_C4_MON",Ensayos!$F$2:$F$500,"Ajuste de la curva propuesta") | G8: 0.3 | H8: =pe0-omega*G8 | I8: 46 | J8: 41 | K8: 36 | L8: 33 | N8: =E8+omega*D8
A9: I2025 | Codisposal 1 (100% Intrusivo) | B9: Intrusivo | C9: =COUNTIFS(Ensayos!$A$2:$A$500,"I2025",Ensayos!$B$2:$B$500,"Codisposal 1 (100% Intrusivo)",Ensayos!$F$2:$F$500,"Ajuste de la curva propuesta") | D9: =AVERAGEIFS(Ensayos!$J$2:$J$500,Ensayos!$A$2:$A$500,"I2025",Ensayos!$B$2:$B$500,"Codisposal 1 (100% Intrusivo)",Ensayos!$F$2:$F$500,"Ajuste de la curva propuesta") | E9: =AVERAGEIFS(Ensayos!$V$2:$V$500,Ensayos!$A$2:$A$500,"I2025",Ensayos!$B$2:$B$500,"Codisposal 1 (100% Intrusivo)",Ensayos!$F$2:$F$500,"Ajuste de la curva propuesta") | G9: 0.35 | H9: =pe0-omega*G9 | I9: 46 | J9: 41 | K9: 36 | L9: 33 | N9: =E9+omega*D9
A10: A2024DS | Ruma 02 | B10: Hornfels | C10: =COUNTIFS(Ensayos!$A$2:$A$500,"A2024DS",Ensayos!$B$2:$B$500,"Ruma 02",Ensayos!$F$2:$F$500,"Ajuste de la curva propuesta") | D10: =AVERAGEIFS(Ensayos!$J$2:$J$500,Ensayos!$A$2:$A$500,"A2024DS",Ensayos!$B$2:$B$500,"Ruma 02",Ensayos!$F$2:$F$500,"Ajuste de la curva propuesta") | E10: =AVERAGEIFS(Ensayos!$V$2:$V$500,Ensayos!$A$2:$A$500,"A2024DS",Ensayos!$B$2:$B$500,"Ruma 02",Ensayos!$F$2:$F$500,"Ajuste de la curva propuesta") | G10: 0.4 | H10: =pe0-omega*G10 | I10: 46 | J10: 41 | K10: 36 | L10: 33 | N10: =E10+omega*D10
A11: A2024DS | Ruma 03 / Fase 10 A | B11: Intrusivo | C11: =COUNTIFS(Ensayos!$A$2:$A$500,"A2024DS",Ensayos!$B$2:$B$500,"Ruma 03 / Fase 10 A",Ensayos!$F$2:$F$500,"Ajuste de la curva propuesta") | D11: =AVERAGEIFS(Ensayos!$J$2:$J$500,Ensayos!$A$2:$A$500,"A2024DS",Ensayos!$B$2:$B$500,"Ruma 03 / Fase 10 A",Ensayos!$F$2:$F$500,"Ajuste de la curva propuesta") | E11: =AVERAGEIFS(Ensayos!$V$2:$V$500,Ensayos!$A$2:$A$500,"A2024DS",Ensayos!$B$2:$B$500,"Ruma 03 / Fase 10 A",Ensayos!$F$2:$F$500,"Ajuste de la curva propuesta") | G11: 0.45 | H11: =pe0-omega*G11 | I11: 46 | J11: 41 | K11: 36 | L11: 33 | N11: =E11+omega*D11
A12: A2024DS | Ruma 01 | B12: Mármol | C12: =COUNTIFS(Ensayos!$A$2:$A$500,"A2024DS",Ensayos!$B$2:$B$500,"Ruma 01",Ensayos!$F$2:$F$500,"Ajuste de la curva propuesta") | D12: =AVERAGEIFS(Ensayos!$J$2:$J$500,Ensayos!$A$2:$A$500,"A2024DS",Ensayos!$B$2:$B$500,"Ruma 01",Ensayos!$F$2:$F$500,"Ajuste de la curva propuesta") | E12: =AVERAGEIFS(Ensayos!$V$2:$V$500,Ensayos!$A$2:$A$500,"A2024DS",Ensayos!$B$2:$B$500,"Ruma 01",Ensayos!$F$2:$F$500,"Ajuste de la curva propuesta") | G12: 0.5 | H12: =pe0-omega*G12 | I12: 46 | J12: 41 | K12: 36 | L12: 33 | N12: =E12+omega*D12
A13: A2024DS | Pila 01 (Mármol + Hornfels) | B13: Mezcla | C13: =COUNTIFS(Ensayos!$A$2:$A$500,"A2024DS",Ensayos!$B$2:$B$500,"Pila 01 (Mármol + Hornfels)",Ensayos!$F$2:$F$500,"Ajuste de la curva propuesta") | D13: =AVERAGEIFS(Ensayos!$J$2:$J$500,Ensayos!$A$2:$A$500,"A2024DS",Ensayos!$B$2:$B$500,"Pila 01 (Mármol + Hornfels)",Ensayos!$F$2:$F$500,"Ajuste de la curva propuesta") | E13: =AVERAGEIFS(Ensayos!$V$2:$V$500,Ensayos!$A$2:$A$500,"A2024DS",Ensayos!$B$2:$B$500,"Pila 01 (Mármol + Hornfels)",Ensayos!$F$2:$F$500,"Ajuste de la curva propuesta") | G13: 0.55 | H13: =pe0-omega*G13 | I13: 46 | J13: 41 | K13: 36 | L13: 33 | N13: =E13+omega*D13
A14: A2024DS | Pila 02 (Intrusivo) | B14: Intrusivo | C14: =COUNTIFS(Ensayos!$A$2:$A$500,"A2024DS",Ensayos!$B$2:$B$500,"Pila 02 (Intrusivo)",Ensayos!$F$2:$F$500,"Ajuste de la curva propuesta") | D14: =AVERAGEIFS(Ensayos!$J$2:$J$500,Ensayos!$A$2:$A$500,"A2024DS",Ensayos!$B$2:$B$500,"Pila 02 (Intrusivo)",Ensayos!$F$2:$F$500,"Ajuste de la curva propuesta") | E14: =AVERAGEIFS(Ensayos!$V$2:$V$500,Ensayos!$A$2:$A$500,"A2024DS",Ensayos!$B$2:$B$500,"Pila 02 (Intrusivo)",Ensayos!$F$2:$F$500,"Ajuste de la curva propuesta") | G14: 0.6 | H14: =pe0-omega*G14 | I14: 46 | J14: 41 | K14: 36 | L14: 33 | N14: =E14+omega*D14
G15: 0.65 | H15: =pe0-omega*G15 | I15: 46 | J15: 41 | K15: 36 | L15: 33 | M15: Media | N15: =AVERAGE(N2:N14)
A16: φ′1 de cada ensayo: Ensayos!V (a su e0). Cada punto de la figura de Cylwik et al. (2025) es un set; aquí, el promedio de los ensayos del set. | G16: 0.7 | H16: =pe0-omega*G16 | I16: 46 | J16: 41 | K16: 36 | L16: 33
G17: 0.75 | H17: =pe0-omega*G17 | I17: 46 | J17: 41 | K17: 36 | L17: 33 | M17: Nota | N17: Media de los φ′1 de los ensayos de cada set; la curva usa el φ′1 del set ajustado por mínimos cuadrados (a33), por eso esta media difiere algo de Parametros!B2.
G18: 0.8 | H18: =pe0-omega*G18 | I18: 46 | J18: 41 | K18: 36 | L18: 33

Sheet Hipotesis_m
A1: Hipótesis | B1: m | C1: φ′e=0 (°) | D1: φ′s a 1 MPa (°) | E1: φ′s a 2 MPa (°) | F1: φ′s a 3 MPa (°) | G1: φ′s a 4.6 MPa (°) | H1: φ′s a 8 MPa (°) | I1: φ′s a 15 MPa (°)
A2: m P90 entre materiales | B2: =Parametros!B12 | C2: =Parametros!C12 | D2: =DEGREES(ATAN(TAN(RADIANS(C2-omega*e_base))*(1/sref)^(B2-1))) | E2: =DEGREES(ATAN(TAN(RADIANS(C2-omega*e_base))*(2/sref)^(B2-1))) | F2: =DEGREES(ATAN(TAN(RADIANS(C2-omega*e_base))*(3/sref)^(B2-1))) | G2: =DEGREES(ATAN(TAN(RADIANS(C2-omega*e_base))*(4.6/sref)^(B2-1))) | H2: =DEGREES(ATAN(TAN(RADIANS(C2-omega*e_base))*(8/sref)^(B2-1))) | I2: =DEGREES(ATAN(TAN(RADIANS(C2-omega*e_base))*(15/sref)^(B2-1)))
A3: m alto (IC 90 %) | B3: =Parametros!B13 | C3: =Parametros!C13 | D3: =DEGREES(ATAN(TAN(RADIANS(C3-omega*e_base))*(1/sref)^(B3-1))) | E3: =DEGREES(ATAN(TAN(RADIANS(C3-omega*e_base))*(2/sref)^(B3-1))) | F3: =DEGREES(ATAN(TAN(RADIANS(C3-omega*e_base))*(3/sref)^(B3-1))) | G3: =DEGREES(ATAN(TAN(RADIANS(C3-omega*e_base))*(4.6/sref)^(B3-1))) | H3: =DEGREES(ATAN(TAN(RADIANS(C3-omega*e_base))*(8/sref)^(B3-1))) | I3: =DEGREES(ATAN(TAN(RADIANS(C3-omega*e_base))*(15/sref)^(B3-1)))
A4: Curva propuesta | B4: =Parametros!B14 | C4: =Parametros!C14 | D4: =DEGREES(ATAN(TAN(RADIANS(C4-omega*e_base))*(1/sref)^(B4-1))) | E4: =DEGREES(ATAN(TAN(RADIANS(C4-omega*e_base))*(2/sref)^(B4-1))) | F4: =DEGREES(ATAN(TAN(RADIANS(C4-omega*e_base))*(3/sref)^(B4-1))) | G4: =DEGREES(ATAN(TAN(RADIANS(C4-omega*e_base))*(4.6/sref)^(B4-1))) | H4: =DEGREES(ATAN(TAN(RADIANS(C4-omega*e_base))*(8/sref)^(B4-1))) | I4: =DEGREES(ATAN(TAN(RADIANS(C4-omega*e_base))*(15/sref)^(B4-1)))
A5: m bajo (IC 90 %) | B5: =Parametros!B15 | C5: =Parametros!C15 | D5: =DEGREES(ATAN(TAN(RADIANS(C5-omega*e_base))*(1/sref)^(B5-1))) | E5: =DEGREES(ATAN(TAN(RADIANS(C5-omega*e_base))*(2/sref)^(B5-1))) | F5: =DEGREES(ATAN(TAN(RADIANS(C5-omega*e_base))*(3/sref)^(B5-1))) | G5: =DEGREES(ATAN(TAN(RADIANS(C5-omega*e_base))*(4.6/sref)^(B5-1))) | H5: =DEGREES(ATAN(TAN(RADIANS(C5-omega*e_base))*(8/sref)^(B5-1))) | I5: =DEGREES(ATAN(TAN(RADIANS(C5-omega*e_base))*(15/sref)^(B5-1)))
A6: m P10 entre materiales | B6: =Parametros!B16 | C6: =Parametros!C16 | D6: =DEGREES(ATAN(TAN(RADIANS(C6-omega*e_base))*(1/sref)^(B6-1))) | E6: =DEGREES(ATAN(TAN(RADIANS(C6-omega*e_base))*(2/sref)^(B6-1))) | F6: =DEGREES(ATAN(TAN(RADIANS(C6-omega*e_base))*(3/sref)^(B6-1))) | G6: =DEGREES(ATAN(TAN(RADIANS(C6-omega*e_base))*(4.6/sref)^(B6-1))) | H6: =DEGREES(ATAN(TAN(RADIANS(C6-omega*e_base))*(8/sref)^(B6-1))) | I6: =DEGREES(ATAN(TAN(RADIANS(C6-omega*e_base))*(15/sref)^(B6-1)))
A7: Antamina sola (m = 1), sensibilidad | B7: =Parametros!B17 | C7: =Parametros!C17 | D7: =DEGREES(ATAN(TAN(RADIANS(C7-omega*e_base))*(1/sref)^(B7-1))) | E7: =DEGREES(ATAN(TAN(RADIANS(C7-omega*e_base))*(2/sref)^(B7-1))) | F7: =DEGREES(ATAN(TAN(RADIANS(C7-omega*e_base))*(3/sref)^(B7-1))) | G7: =DEGREES(ATAN(TAN(RADIANS(C7-omega*e_base))*(4.6/sref)^(B7-1))) | H7: =DEGREES(ATAN(TAN(RADIANS(C7-omega*e_base))*(8/sref)^(B7-1))) | I7: =DEGREES(ATAN(TAN(RADIANS(C7-omega*e_base))*(15/sref)^(B7-1)))

Sheet Base_mundial
A1: Set | B1: e | C1: σ′n (MPa) | D1: τ (MPa) | E1: φ′s ensayo (°) | F1: φ′s curva a su e (°) | G1: Δφ′s (°) | I1: Rango de σ′n | J1: Ensayos | K1: Bajo la curva | L1: Δφ′s mediana (°)
A2: Holtz & Gibbs (1956) | Ho-aa | B2: 0.302 | C2: 0.17318323 | D2: 0.20290304 | E2: =DEGREES(ATAN(D2/C2)) | F2: =DEGREES(ATAN(TAN(RADIANS(pe0-omega*B2))*(C2/sref)^(m_-1))) | G2: =E2-F2 | I2: 2–4.6 MPa | J2: =COUNTIFS(C2:C687,">2",C2:C687,"<=4.6") | K2: =COUNTIFS(C2:C687,">2",C2:C687,"<=4.6",G2:G687,"<0") | L2: {=MEDIAN(IF((C2:C687>2)*(C2:C687<=4.6),G2:G687))}
A3: Holtz & Gibbs (1956) | Ho-aa | B3: 0.302 | C3: 0.32850568 | D3: 0.34454319 | E3: =DEGREES(ATAN(D3/C3)) | F3: =DEGREES(ATAN(TAN(RADIANS(pe0-omega*B3))*(C3/sref)^(m_-1))) | G3: =E3-F3 | I3: 4.6–7.9 MPa | J3: =COUNTIFS(C2:C687,">4.6",C2:C687,"<=7.9") | K3: =COUNTIFS(C2:C687,">4.6",C2:C687,"<=7.9",G2:G687,"<0") | L3: {=MEDIAN(IF((C2:C687>4.6)*(C2:C687<=7.9),G2:G687))}
A4: Holtz & Gibbs (1956) | Ho-aa | B4: 0.302 | C4: 0.64217496 | D4: 0.62000778 | E4: =DEGREES(ATAN(D4/C4)) | F4: =DEGREES(ATAN(TAN(RADIANS(pe0-omega*B4))*(C4/sref)^(m_-1))) | G4: =E4-F4 | I4: 3–7.9 MPa | J4: =COUNTIFS(C2:C687,">3",C2:C687,"<=7.9") | K4: =COUNTIFS(C2:C687,">3",C2:C687,"<=7.9",G2:G687,"<0") | L4: {=MEDIAN(IF((C2:C687>3)*(C2:C687<=7.9),G2:G687))}
A5: Holtz & Gibbs (1956) | Ho-aa | B5: 0.302 | C5: 1.2328425 | D5: 1.0713818 | E5: =DEGREES(ATAN(D5/C5)) | F5: =DEGREES(ATAN(TAN(RADIANS(pe0-omega*B5))*(C5/sref)^(m_-1))) | G5: =E5-F5
A6: Holtz & Gibbs (1956) | Ho-bb | B6: 0.404 | C6: 0.15997895 | D6: 0.16108214 | E6: =DEGREES(ATAN(D6/C6)) | F6: =DEGREES(ATAN(TAN(RADIANS(pe0-omega*B6))*(C6/sref)^(m_-1))) | G6: =E6-F6
A7: Holtz & Gibbs (1956) | Ho-bb | B7: 0.404 | C7: 0.34682407 | D7: 0.36954431 | E7: =DEGREES(ATAN(D7/C7)) | F7: =DEGREES(ATAN(TAN(RADIANS(pe0-omega*B7))*(C7/sref)^(m_-1))) | G7: =E7-F7
A8: Holtz & Gibbs (1956) | Ho-bb | B8: 0.404 | C8: 0.62520393 | D8: 0.56369056 | E8: =DEGREES(ATAN(D8/C8)) | F8: =DEGREES(ATAN(TAN(RADIANS(pe0-omega*B8))*(C8/sref)^(m_-1))) | G8: =E8-F8
A9: Holtz & Gibbs (1956) | Ho-bb | B9: 0.404 | C9: 1.1953281 | D9: 0.95794956 | E9: =DEGREES(ATAN(D9/C9)) | F9: =DEGREES(ATAN(TAN(RADIANS(pe0-omega*B9))*(C9/sref)^(m_-1))) | G9: =E9-F9
A10: Holtz & Gibbs (1956) | Ho-cc | B10: 0.293 | C10: 0.16051051 | D10: 0.17335313 | E10: =DEGREES(ATAN(D10/C10)) | F10: =DEGREES(ATAN(TAN(RADIANS(pe0-omega*B10))*(C10/sref)^(m_-1))) | G10: =E10-F10
A11: Holtz & Gibbs (1956) | Ho-cc | B11: 0.293 | C11: 0.32781592 | D11: 0.34666473 | E11: =DEGREES(ATAN(D11/C11)) | F11: =DEGREES(ATAN(TAN(RADIANS(pe0-omega*B11))*(C11/sref)^(m_-1))) | G11: =E11-F11
A12: Holtz & Gibbs (1956) | Ho-cc | B12: 0.293 | C12: 0.6230749 | D12: 0.59463446 | E12: =DEGREES(ATAN(D12/C12)) | F12: =DEGREES(ATAN(TAN(RADIANS(pe0-omega*B12))*(C12/sref)^(m_-1))) | G12: =E12-F12
A13: Holtz & Gibbs (1956) | Ho-cc | B13: 0.293 | C13: 1.223817 | D13: 1.0892862 | E13: =DEGREES(ATAN(D13/C13)) | F13: =DEGREES(ATAN(TAN(RADIANS(pe0-omega*B13))*(C13/sref)^(m_-1))) | G13: =E13-F13
A14: Holtz & Gibbs (1956) | Ho-dd | B14: 0.369 | C14: 0.14309414 | D14: 0.12234233 | E14: =DEGREES(ATAN(D14/C14)) | F14: =DEGREES(ATAN(TAN(RADIANS(pe0-omega*B14))*(C14/sref)^(m_-1))) | G14: =E14-F14
A15: Holtz & Gibbs (1956) | Ho-dd | B15: 0.369 | C15: 0.43002794 | D15: 0.35787646 | E15: =DEGREES(ATAN(D15/C15)) | F15: =DEGREES(ATAN(TAN(RADIANS(pe0-omega*B15))*(C15/sref)^(m_-1))) | G15: =E15-F15
A16: Holtz & Gibbs (1956) | Ho-dd | B16: 0.369 | C16: 0.863224 | D16: 0.70926141 | E16: =DEGREES(ATAN(D16/C16)) | F16: =DEGREES(ATAN(TAN(RADIANS(pe0-omega*B16))*(C16/sref)^(m_-1))) | G16: =E16-F16
... A687: Ovalle et al. (2020) | 3 | B687: 0.55 | C687: 3.4172347 | D687: 2.8229024 | E687: =DEGREES(ATAN(D687/C687)) | F687: =DEGREES(ATAN(TAN(RADIANS(pe0-omega*B687))*(C687/sref)^(m_-1))) | G687: =E687-F687

Sheet Ajuste
A1: Fuente | B1: Set | C1: Tipo | D1: e0 | E1: σ′3 (MPa) | F1: σ′1 (MPa) | G1: q obs (MPa) | H1: σ′n obs, DS (MPa) | I1: τ obs, DS (MPa) | J1: a = tan(φ′e0 − ω·e0)·(10pa)^(1−m) | K1: Newton 1: σ′n (MPa) | L1: Newton 2: σ′n (MPa) | M1: Newton 3: σ′n (MPa) | N1: Newton 4: σ′n (MPa) | O1: Newton 5: σ′n (MPa) | P1: Newton 6: σ′n (MPa) | Q1: Newton 7: σ′n (MPa) | R1: Newton 8: σ′n (MPa) | S1: Newton 9: σ′n (MPa) | T1: Newton 10: σ′n (MPa) | U1: τ (MPa) | V1: tan φ′t | W1: R (MPa) | X1: q pred (MPa) | Y1: Residuo | Z1: Residuo²
A2: G2012 | B2: G2012-MN-C | C2: TX | D2: 0.31196845 | E2: 0.4903 | F2: 2.2712 | G2: =F2-E2 | J2: =TAN(RADIANS(pe0-omega*D2))*sref^(1-m_) | K2: =2*E2-((2*E2)+(J2*(2*E2)^m_)*(m_*J2*(2*E2)^(m_-1))-(J2*(2*E2)^m_)*SQRT(1+(m_*J2*(2*E2)^(m_-1))^2)-(E2))*((2*E2)*1E-6)/(((2*E2+((2*E2)*1E-6))+(J2*(2*E2+((2*E2)*1E-6))^m_)*(m_*J2*(2*E2+((2*E2)*1E-6))^(m_-1))-(J2*(2*E2+((2*E2)*1E-6))^m_)*SQRT(1+(m_*J2*(2*E2+((2*E2)*1E-6))^(m_-1))^2)-(E2))-((2*E2)+(J2*(2*E2)^m_)*(m_*J2*(2*E2)^(m_-1))-(J2*(2*E2)^m_)*SQRT(1+(m_*J2*(2*E2)^(m_-1))^2)-(E2))) | L2: =K2-((K2)+(J2*(K2)^m_)*(m_*J2*(K2)^(m_-1))-(J2*(K2)^m_)*SQRT(1+(m_*J2*(K2)^(m_-1))^2)-(E2))*((K2)*1E-6)/(((K2+((K2)*1E-6))+(J2*(K2+((K2)*1E-6))^m_)*(m_*J2*(K2+((K2)*1E-6))^(m_-1))-(J2*(K2+((K2)*1E-6))^m_)*SQRT(1+(m_*J2*(K2+((K2)*1E-6))^(m_-1))^2)-(E2))-((K2)+(J2*(K2)^m_)*(m_*J2*(K2)^(m_-1))-(J2*(K2)^m_)*SQRT(1+(m_*J2*(K2)^(m_-1))^2)-(E2))) | M2: =L2-((L2)+(J2*(L2)^m_)*(m_*J2*(L2)^(m_-1))-(J2*(L2)^m_)*SQRT(1+(m_*J2*(L2)^(m_-1))^2)-(E2))*((L2)*1E-6)/(((L2+((L2)*1E-6))+(J2*(L2+((L2)*1E-6))^m_)*(m_*J2*(L2+((L2)*1E-6))^(m_-1))-(J2*(L2+((L2)*1E-6))^m_)*SQRT(1+(m_*J2*(L2+((L2)*1E-6))^(m_-1))^2)-(E2))-((L2)+(J2*(L2)^m_)*(m_*J2*(L2)^(m_-1))-(J2*(L2)^m_)*SQRT(1+(m_*J2*(L2)^(m_-1))^2)-(E2))) | N2: =M2-((M2)+(J2*(M2)^m_)*(m_*J2*(M2)^(m_-1))-(J2*(M2)^m_)*SQRT(1+(m_*J2*(M2)^(m_-1))^2)-(E2))*((M2)*1E-6)/(((M2+((M2)*1E-6))+(J2*(M2+((M2)*1E-6))^m_)*(m_*J2*(M2+((M2)*1E-6))^(m_-1))-(J2*(M2+((M2)*1E-6))^m_)*SQRT(1+(m_*J2*(M2+((M2)*1E-6))^(m_-1))^2)-(E2))-((M2)+(J2*(M2)^m_)*(m_*J2*(M2)^(m_-1))-(J2*(M2)^m_)*SQRT(1+(m_*J2*(M2)^(m_-1))^2)-(E2))) | O2: =N2-((N2)+(J2*(N2)^m_)*(m_*J2*(N2)^(m_-1))-(J2*(N2)^m_)*SQRT(1+(m_*J2*(N2)^(m_-1))^2)-(E2))*((N2)*1E-6)/(((N2+((N2)*1E-6))+(J2*(N2+((N2)*1E-6))^m_)*(m_*J2*(N2+((N2)*1E-6))^(m_-1))-(J2*(N2+((N2)*1E-6))^m_)*SQRT(1+(m_*J2*(N2+((N2)*1E-6))^(m_-1))^2)-(E2))-((N2)+(J2*(N2)^m_)*(m_*J2*(N2)^(m_-1))-(J2*(N2)^m_)*SQRT(1+(m_*J2*(N2)^(m_-1))^2)-(E2))) | P2: =O2-((O2)+(J2*(O2)^m_)*(m_*J2*(O2)^(m_-1))-(J2*(O2)^m_)*SQRT(1+(m_*J2*(O2)^(m_-1))^2)-(E2))*((O2)*1E-6)/(((O2+((O2)*1E-6))+(J2*(O2+((O2)*1E-6))^m_)*(m_*J2*(O2+((O2)*1E-6))^(m_-1))-(J2*(O2+((O2)*1E-6))^m_)*SQRT(1+(m_*J2*(O2+((O2)*1E-6))^(m_-1))^2)-(E2))-((O2)+(J2*(O2)^m_)*(m_*J2*(O2)^(m_-1))-(J2*(O2)^m_)*SQRT(1+(m_*J2*(O2)^(m_-1))^2)-(E2))) | Q2: =P2-((P2)+(J2*(P2)^m_)*(m_*J2*(P2)^(m_-1))-(J2*(P2)^m_)*SQRT(1+(m_*J2*(P2)^(m_-1))^2)-(E2))*((P2)*1E-6)/(((P2+((P2)*1E-6))+(J2*(P2+((P2)*1E-6))^m_)*(m_*J2*(P2+((P2)*1E-6))^(m_-1))-(J2*(P2+((P2)*1E-6))^m_)*SQRT(1+(m_*J2*(P2+((P2)*1E-6))^(m_-1))^2)-(E2))-((P2)+(J2*(P2)^m_)*(m_*J2*(P2)^(m_-1))-(J2*(P2)^m_)*SQRT(1+(m_*J2*(P2)^(m_-1))^2)-(E2))) | R2: =Q2-((Q2)+(J2*(Q2)^m_)*(m_*J2*(Q2)^(m_-1))-(J2*(Q2)^m_)*SQRT(1+(m_*J2*(Q2)^(m_-1))^2)-(E2))*((Q2)*1E-6)/(((Q2+((Q2)*1E-6))+(J2*(Q2+((Q2)*1E-6))^m_)*(m_*J2*(Q2+((Q2)*1E-6))^(m_-1))-(J2*(Q2+((Q2)*1E-6))^m_)*SQRT(1+(m_*J2*(Q2+((Q2)*1E-6))^(m_-1))^2)-(E2))-((Q2)+(J2*(Q2)^m_)*(m_*J2*(Q2)^(m_-1))-(J2*(Q2)^m_)*SQRT(1+(m_*J2*(Q2)^(m_-1))^2)-(E2))) | S2: =R2-((R2)+(J2*(R2)^m_)*(m_*J2*(R2)^(m_-1))-(J2*(R2)^m_)*SQRT(1+(m_*J2*(R2)^(m_-1))^2)-(E2))*((R2)*1E-6)/(((R2+((R2)*1E-6))+(J2*(R2+((R2)*1E-6))^m_)*(m_*J2*(R2+((R2)*1E-6))^(m_-1))-(J2*(R2+((R2)*1E-6))^m_)*SQRT(1+(m_*J2*(R2+((R2)*1E-6))^(m_-1))^2)-(E2))-((R2)+(J2*(R2)^m_)*(m_*J2*(R2)^(m_-1))-(J2*(R2)^m_)*SQRT(1+(m_*J2*(R2)^(m_-1))^2)-(E2))) | T2: =S2-((S2)+(J2*(S2)^m_)*(m_*J2*(S2)^(m_-1))-(J2*(S2)^m_)*SQRT(1+(m_*J2*(S2)^(m_-1))^2)-(E2))*((S2)*1E-6)/(((S2+((S2)*1E-6))+(J2*(S2+((S2)*1E-6))^m_)*(m_*J2*(S2+((S2)*1E-6))^(m_-1))-(J2*(S2+((S2)*1E-6))^m_)*SQRT(1+(m_*J2*(S2+((S2)*1E-6))^(m_-1))^2)-(E2))-((S2)+(J2*(S2)^m_)*(m_*J2*(S2)^(m_-1))-(J2*(S2)^m_)*SQRT(1+(m_*J2*(S2)^(m_-1))^2)-(E2))) | U2: =J2*T2^m_ | V2: =m_*J2*T2^(m_-1) | W2: =U2*SQRT(1+V2^2) | X2: =2*W2 | Y2: =LN(X2)-LN(G2) | Z2: =Y2^2
A3: G2012 | B3: G2012-MN-C | C3: TX | D3: 0.31196845 | E3: 0.4903 | F3: 2.1928 | G3: =F3-E3 | J3: =TAN(RADIANS(pe0-omega*D3))*sref^(1-m_) | K3: =2*E3-((2*E3)+(J3*(2*E3)^m_)*(m_*J3*(2*E3)^(m_-1))-(J3*(2*E3)^m_)*SQRT(1+(m_*J3*(2*E3)^(m_-1))^2)-(E3))*((2*E3)*1E-6)/(((2*E3+((2*E3)*1E-6))+(J3*(2*E3+((2*E3)*1E-6))^m_)*(m_*J3*(2*E3+((2*E3)*1E-6))^(m_-1))-(J3*(2*E3+((2*E3)*1E-6))^m_)*SQRT(1+(m_*J3*(2*E3+((2*E3)*1E-6))^(m_-1))^2)-(E3))-((2*E3)+(J3*(2*E3)^m_)*(m_*J3*(2*E3)^(m_-1))-(J3*(2*E3)^m_)*SQRT(1+(m_*J3*(2*E3)^(m_-1))^2)-(E3))) | L3: =K3-((K3)+(J3*(K3)^m_)*(m_*J3*(K3)^(m_-1))-(J3*(K3)^m_)*SQRT(1+(m_*J3*(K3)^(m_-1))^2)-(E3))*((K3)*1E-6)/(((K3+((K3)*1E-6))+(J3*(K3+((K3)*1E-6))^m_)*(m_*J3*(K3+((K3)*1E-6))^(m_-1))-(J3*(K3+((K3)*1E-6))^m_)*SQRT(1+(m_*J3*(K3+((K3)*1E-6))^(m_-1))^2)-(E3))-((K3)+(J3*(K3)^m_)*(m_*J3*(K3)^(m_-1))-(J3*(K3)^m_)*SQRT(1+(m_*J3*(K3)^(m_-1))^2)-(E3))) | M3: =L3-((L3)+(J3*(L3)^m_)*(m_*J3*(L3)^(m_-1))-(J3*(L3)^m_)*SQRT(1+(m_*J3*(L3)^(m_-1))^2)-(E3))*((L3)*1E-6)/(((L3+((L3)*1E-6))+(J3*(L3+((L3)*1E-6))^m_)*(m_*J3*(L3+((L3)*1E-6))^(m_-1))-(J3*(L3+((L3)*1E-6))^m_)*SQRT(1+(m_*J3*(L3+((L3)*1E-6))^(m_-1))^2)-(E3))-((L3)+(J3*(L3)^m_)*(m_*J3*(L3)^(m_-1))-(J3*(L3)^m_)*SQRT(1+(m_*J3*(L3)^(m_-1))^2)-(E3))) | N3: =M3-((M3)+(J3*(M3)^m_)*(m_*J3*(M3)^(m_-1))-(J3*(M3)^m_)*SQRT(1+(m_*J3*(M3)^(m_-1))^2)-(E3))*((M3)*1E-6)/(((M3+((M3)*1E-6))+(J3*(M3+((M3)*1E-6))^m_)*(m_*J3*(M3+((M3)*1E-6))^(m_-1))-(J3*(M3+((M3)*1E-6))^m_)*SQRT(1+(m_*J3*(M3+((M3)*1E-6))^(m_-1))^2)-(E3))-((M3)+(J3*(M3)^m_)*(m_*J3*(M3)^(m_-1))-(J3*(M3)^m_)*SQRT(1+(m_*J3*(M3)^(m_-1))^2)-(E3))) | O3: =N3-((N3)+(J3*(N3)^m_)*(m_*J3*(N3)^(m_-1))-(J3*(N3)^m_)*SQRT(1+(m_*J3*(N3)^(m_-1))^2)-(E3))*((N3)*1E-6)/(((N3+((N3)*1E-6))+(J3*(N3+((N3)*1E-6))^m_)*(m_*J3*(N3+((N3)*1E-6))^(m_-1))-(J3*(N3+((N3)*1E-6))^m_)*SQRT(1+(m_*J3*(N3+((N3)*1E-6))^(m_-1))^2)-(E3))-((N3)+(J3*(N3)^m_)*(m_*J3*(N3)^(m_-1))-(J3*(N3)^m_)*SQRT(1+(m_*J3*(N3)^(m_-1))^2)-(E3))) | P3: =O3-((O3)+(J3*(O3)^m_)*(m_*J3*(O3)^(m_-1))-(J3*(O3)^m_)*SQRT(1+(m_*J3*(O3)^(m_-1))^2)-(E3))*((O3)*1E-6)/(((O3+((O3)*1E-6))+(J3*(O3+((O3)*1E-6))^m_)*(m_*J3*(O3+((O3)*1E-6))^(m_-1))-(J3*(O3+((O3)*1E-6))^m_)*SQRT(1+(m_*J3*(O3+((O3)*1E-6))^(m_-1))^2)-(E3))-((O3)+(J3*(O3)^m_)*(m_*J3*(O3)^(m_-1))-(J3*(O3)^m_)*SQRT(1+(m_*J3*(O3)^(m_-1))^2)-(E3))) | Q3: =P3-((P3)+(J3*(P3)^m_)*(m_*J3*(P3)^(m_-1))-(J3*(P3)^m_)*SQRT(1+(m_*J3*(P3)^(m_-1))^2)-(E3))*((P3)*1E-6)/(((P3+((P3)*1E-6))+(J3*(P3+((P3)*1E-6))^m_)*(m_*J3*(P3+((P3)*1E-6))^(m_-1))-(J3*(P3+((P3)*1E-6))^m_)*SQRT(1+(m_*J3*(P3+((P3)*1E-6))^(m_-1))^2)-(E3))-((P3)+(J3*(P3)^m_)*(m_*J3*(P3)^(m_-1))-(J3*(P3)^m_)*SQRT(1+(m_*J3*(P3)^(m_-1))^2)-(E3))) | R3: =Q3-((Q3)+(J3*(Q3)^m_)*(m_*J3*(Q3)^(m_-1))-(J3*(Q3)^m_)*SQRT(1+(m_*J3*(Q3)^(m_-1))^2)-(E3))*((Q3)*1E-6)/(((Q3+((Q3)*1E-6))+(J3*(Q3+((Q3)*1E-6))^m_)*(m_*J3*(Q3+((Q3)*1E-6))^(m_-1))-(J3*(Q3+((Q3)*1E-6))^m_)*SQRT(1+(m_*J3*(Q3+((Q3)*1E-6))^(m_-1))^2)-(E3))-((Q3)+(J3*(Q3)^m_)*(m_*J3*(Q3)^(m_-1))-(J3*(Q3)^m_)*SQRT(1+(m_*J3*(Q3)^(m_-1))^2)-(E3))) | S3: =R3-((R3)+(J3*(R3)^m_)*(m_*J3*(R3)^(m_-1))-(J3*(R3)^m_)*SQRT(1+(m_*J3*(R3)^(m_-1))^2)-(E3))*((R3)*1E-6)/(((R3+((R3)*1E-6))+(J3*(R3+((R3)*1E-6))^m_)*(m_*J3*(R3+((R3)*1E-6))^(m_-1))-(J3*(R3+((R3)*1E-6))^m_)*SQRT(1+(m_*J3*(R3+((R3)*1E-6))^(m_-1))^2)-(E3))-((R3)+(J3*(R3)^m_)*(m_*J3*(R3)^(m_-1))-(J3*(R3)^m_)*SQRT(1+(m_*J3*(R3)^(m_-1))^2)-(E3))) | T3: =S3-((S3)+(J3*(S3)^m_)*(m_*J3*(S3)^(m_-1))-(J3*(S3)^m_)*SQRT(1+(m_*J3*(S3)^(m_-1))^2)-(E3))*((S3)*1E-6)/(((S3+((S3)*1E-6))+(J3*(S3+((S3)*1E-6))^m_)*(m_*J3*(S3+((S3)*1E-6))^(m_-1))-(J3*(S3+((S3)*1E-6))^m_)*SQRT(1+(m_*J3*(S3+((S3)*1E-6))^(m_-1))^2)-(E3))-((S3)+(J3*(S3)^m_)*(m_*J3*(S3)^(m_-1))-(J3*(S3)^m_)*SQRT(1+(m_*J3*(S3)^(m_-1))^2)-(E3))) | U3: =J3*T3^m_ | V3: =m_*J3*T3^(m_-1) | W3: =U3*SQRT(1+V3^2) | X3: =2*W3 | Y3: =LN(X3)-LN(G3) | Z3: =Y3^2
A4: G2012 | B4: G2012-MN-C | C4: TX | D4: 0.31196845 | E4: 0.9807 | F4: 3.8972 | G4: =F4-E4 | J4: =TAN(RADIANS(pe0-omega*D4))*sref^(1-m_) | K4: =2*E4-((2*E4)+(J4*(2*E4)^m_)*(m_*J4*(2*E4)^(m_-1))-(J4*(2*E4)^m_)*SQRT(1+(m_*J4*(2*E4)^(m_-1))^2)-(E4))*((2*E4)*1E-6)/(((2*E4+((2*E4)*1E-6))+(J4*(2*E4+((2*E4)*1E-6))^m_)*(m_*J4*(2*E4+((2*E4)*1E-6))^(m_-1))-(J4*(2*E4+((2*E4)*1E-6))^m_)*SQRT(1+(m_*J4*(2*E4+((2*E4)*1E-6))^(m_-1))^2)-(E4))-((2*E4)+(J4*(2*E4)^m_)*(m_*J4*(2*E4)^(m_-1))-(J4*(2*E4)^m_)*SQRT(1+(m_*J4*(2*E4)^(m_-1))^2)-(E4))) | L4: =K4-((K4)+(J4*(K4)^m_)*(m_*J4*(K4)^(m_-1))-(J4*(K4)^m_)*SQRT(1+(m_*J4*(K4)^(m_-1))^2)-(E4))*((K4)*1E-6)/(((K4+((K4)*1E-6))+(J4*(K4+((K4)*1E-6))^m_)*(m_*J4*(K4+((K4)*1E-6))^(m_-1))-(J4*(K4+((K4)*1E-6))^m_)*SQRT(1+(m_*J4*(K4+((K4)*1E-6))^(m_-1))^2)-(E4))-((K4)+(J4*(K4)^m_)*(m_*J4*(K4)^(m_-1))-(J4*(K4)^m_)*SQRT(1+(m_*J4*(K4)^(m_-1))^2)-(E4))) | M4: =L4-((L4)+(J4*(L4)^m_)*(m_*J4*(L4)^(m_-1))-(J4*(L4)^m_)*SQRT(1+(m_*J4*(L4)^(m_-1))^2)-(E4))*((L4)*1E-6)/(((L4+((L4)*1E-6))+(J4*(L4+((L4)*1E-6))^m_)*(m_*J4*(L4+((L4)*1E-6))^(m_-1))-(J4*(L4+((L4)*1E-6))^m_)*SQRT(1+(m_*J4*(L4+((L4)*1E-6))^(m_-1))^2)-(E4))-((L4)+(J4*(L4)^m_)*(m_*J4*(L4)^(m_-1))-(J4*(L4)^m_)*SQRT(1+(m_*J4*(L4)^(m_-1))^2)-(E4))) | N4: =M4-((M4)+(J4*(M4)^m_)*(m_*J4*(M4)^(m_-1))-(J4*(M4)^m_)*SQRT(1+(m_*J4*(M4)^(m_-1))^2)-(E4))*((M4)*1E-6)/(((M4+((M4)*1E-6))+(J4*(M4+((M4)*1E-6))^m_)*(m_*J4*(M4+((M4)*1E-6))^(m_-1))-(J4*(M4+((M4)*1E-6))^m_)*SQRT(1+(m_*J4*(M4+((M4)*1E-6))^(m_-1))^2)-(E4))-((M4)+(J4*(M4)^m_)*(m_*J4*(M4)^(m_-1))-(J4*(M4)^m_)*SQRT(1+(m_*J4*(M4)^(m_-1))^2)-(E4))) | O4: =N4-((N4)+(J4*(N4)^m_)*(m_*J4*(N4)^(m_-1))-(J4*(N4)^m_)*SQRT(1+(m_*J4*(N4)^(m_-1))^2)-(E4))*((N4)*1E-6)/(((N4+((N4)*1E-6))+(J4*(N4+((N4)*1E-6))^m_)*(m_*J4*(N4+((N4)*1E-6))^(m_-1))-(J4*(N4+((N4)*1E-6))^m_)*SQRT(1+(m_*J4*(N4+((N4)*1E-6))^(m_-1))^2)-(E4))-((N4)+(J4*(N4)^m_)*(m_*J4*(N4)^(m_-1))-(J4*(N4)^m_)*SQRT(1+(m_*J4*(N4)^(m_-1))^2)-(E4))) | P4: =O4-((O4)+(J4*(O4)^m_)*(m_*J4*(O4)^(m_-1))-(J4*(O4)^m_)*SQRT(1+(m_*J4*(O4)^(m_-1))^2)-(E4))*((O4)*1E-6)/(((O4+((O4)*1E-6))+(J4*(O4+((O4)*1E-6))^m_)*(m_*J4*(O4+((O4)*1E-6))^(m_-1))-(J4*(O4+((O4)*1E-6))^m_)*SQRT(1+(m_*J4*(O4+((O4)*1E-6))^(m_-1))^2)-(E4))-((O4)+(J4*(O4)^m_)*(m_*J4*(O4)^(m_-1))-(J4*(O4)^m_)*SQRT(1+(m_*J4*(O4)^(m_-1))^2)-(E4))) | Q4: =P4-((P4)+(J4*(P4)^m_)*(m_*J4*(P4)^(m_-1))-(J4*(P4)^m_)*SQRT(1+(m_*J4*(P4)^(m_-1))^2)-(E4))*((P4)*1E-6)/(((P4+((P4)*1E-6))+(J4*(P4+((P4)*1E-6))^m_)*(m_*J4*(P4+((P4)*1E-6))^(m_-1))-(J4*(P4+((P4)*1E-6))^m_)*SQRT(1+(m_*J4*(P4+((P4)*1E-6))^(m_-1))^2)-(E4))-((P4)+(J4*(P4)^m_)*(m_*J4*(P4)^(m_-1))-(J4*(P4)^m_)*SQRT(1+(m_*J4*(P4)^(m_-1))^2)-(E4))) | R4: =Q4-((Q4)+(J4*(Q4)^m_)*(m_*J4*(Q4)^(m_-1))-(J4*(Q4)^m_)*SQRT(1+(m_*J4*(Q4)^(m_-1))^2)-(E4))*((Q4)*1E-6)/(((Q4+((Q4)*1E-6))+(J4*(Q4+((Q4)*1E-6))^m_)*(m_*J4*(Q4+((Q4)*1E-6))^(m_-1))-(J4*(Q4+((Q4)*1E-6))^m_)*SQRT(1+(m_*J4*(Q4+((Q4)*1E-6))^(m_-1))^2)-(E4))-((Q4)+(J4*(Q4)^m_)*(m_*J4*(Q4)^(m_-1))-(J4*(Q4)^m_)*SQRT(1+(m_*J4*(Q4)^(m_-1))^2)-(E4))) | S4: =R4-((R4)+(J4*(R4)^m_)*(m_*J4*(R4)^(m_-1))-(J4*(R4)^m_)*SQRT(1+(m_*J4*(R4)^(m_-1))^2)-(E4))*((R4)*1E-6)/(((R4+((R4)*1E-6))+(J4*(R4+((R4)*1E-6))^m_)*(m_*J4*(R4+((R4)*1E-6))^(m_-1))-(J4*(R4+((R4)*1E-6))^m_)*SQRT(1+(m_*J4*(R4+((R4)*1E-6))^(m_-1))^2)-(E4))-((R4)+(J4*(R4)^m_)*(m_*J4*(R4)^(m_-1))-(J4*(R4)^m_)*SQRT(1+(m_*J4*(R4)^(m_-1))^2)-(E4))) | T4: =S4-((S4)+(J4*(S4)^m_)*(m_*J4*(S4)^(m_-1))-(J4*(S4)^m_)*SQRT(1+(m_*J4*(S4)^(m_-1))^2)-(E4))*((S4)*1E-6)/(((S4+((S4)*1E-6))+(J4*(S4+((S4)*1E-6))^m_)*(m_*J4*(S4+((S4)*1E-6))^(m_-1))-(J4*(S4+((S4)*1E-6))^m_)*SQRT(1+(m_*J4*(S4+((S4)*1E-6))^(m_-1))^2)-(E4))-((S4)+(J4*(S4)^m_)*(m_*J4*(S4)^(m_-1))-(J4*(S4)^m_)*SQRT(1+(m_*J4*(S4)^(m_-1))^2)-(E4))) | U4: =J4*T4^m_ | V4: =m_*J4*T4^(m_-1) | W4: =U4*SQRT(1+V4^2) | X4: =2*W4 | Y4: =LN(X4)-LN(G4) | Z4: =Y4^2
A5: G2012 | B5: G2012-MN-C | C5: TX | D5: 0.31196845 | E5: 1.9613 | F5: 7.7786 | G5: =F5-E5 | J5: =TAN(RADIANS(pe0-omega*D5))*sref^(1-m_) | K5: =2*E5-((2*E5)+(J5*(2*E5)^m_)*(m_*J5*(2*E5)^(m_-1))-(J5*(2*E5)^m_)*SQRT(1+(m_*J5*(2*E5)^(m_-1))^2)-(E5))*((2*E5)*1E-6)/(((2*E5+((2*E5)*1E-6))+(J5*(2*E5+((2*E5)*1E-6))^m_)*(m_*J5*(2*E5+((2*E5)*1E-6))^(m_-1))-(J5*(2*E5+((2*E5)*1E-6))^m_)*SQRT(1+(m_*J5*(2*E5+((2*E5)*1E-6))^(m_-1))^2)-(E5))-((2*E5)+(J5*(2*E5)^m_)*(m_*J5*(2*E5)^(m_-1))-(J5*(2*E5)^m_)*SQRT(1+(m_*J5*(2*E5)^(m_-1))^2)-(E5))) | L5: =K5-((K5)+(J5*(K5)^m_)*(m_*J5*(K5)^(m_-1))-(J5*(K5)^m_)*SQRT(1+(m_*J5*(K5)^(m_-1))^2)-(E5))*((K5)*1E-6)/(((K5+((K5)*1E-6))+(J5*(K5+((K5)*1E-6))^m_)*(m_*J5*(K5+((K5)*1E-6))^(m_-1))-(J5*(K5+((K5)*1E-6))^m_)*SQRT(1+(m_*J5*(K5+((K5)*1E-6))^(m_-1))^2)-(E5))-((K5)+(J5*(K5)^m_)*(m_*J5*(K5)^(m_-1))-(J5*(K5)^m_)*SQRT(1+(m_*J5*(K5)^(m_-1))^2)-(E5))) | M5: =L5-((L5)+(J5*(L5)^m_)*(m_*J5*(L5)^(m_-1))-(J5*(L5)^m_)*SQRT(1+(m_*J5*(L5)^(m_-1))^2)-(E5))*((L5)*1E-6)/(((L5+((L5)*1E-6))+(J5*(L5+((L5)*1E-6))^m_)*(m_*J5*(L5+((L5)*1E-6))^(m_-1))-(J5*(L5+((L5)*1E-6))^m_)*SQRT(1+(m_*J5*(L5+((L5)*1E-6))^(m_-1))^2)-(E5))-((L5)+(J5*(L5)^m_)*(m_*J5*(L5)^(m_-1))-(J5*(L5)^m_)*SQRT(1+(m_*J5*(L5)^(m_-1))^2)-(E5))) | N5: =M5-((M5)+(J5*(M5)^m_)*(m_*J5*(M5)^(m_-1))-(J5*(M5)^m_)*SQRT(1+(m_*J5*(M5)^(m_-1))^2)-(E5))*((M5)*1E-6)/(((M5+((M5)*1E-6))+(J5*(M5+((M5)*1E-6))^m_)*(m_*J5*(M5+((M5)*1E-6))^(m_-1))-(J5*(M5+((M5)*1E-6))^m_)*SQRT(1+(m_*J5*(M5+((M5)*1E-6))^(m_-1))^2)-(E5))-((M5)+(J5*(M5)^m_)*(m_*J5*(M5)^(m_-1))-(J5*(M5)^m_)*SQRT(1+(m_*J5*(M5)^(m_-1))^2)-(E5))) | O5: =N5-((N5)+(J5*(N5)^m_)*(m_*J5*(N5)^(m_-1))-(J5*(N5)^m_)*SQRT(1+(m_*J5*(N5)^(m_-1))^2)-(E5))*((N5)*1E-6)/(((N5+((N5)*1E-6))+(J5*(N5+((N5)*1E-6))^m_)*(m_*J5*(N5+((N5)*1E-6))^(m_-1))-(J5*(N5+((N5)*1E-6))^m_)*SQRT(1+(m_*J5*(N5+((N5)*1E-6))^(m_-1))^2)-(E5))-((N5)+(J5*(N5)^m_)*(m_*J5*(N5)^(m_-1))-(J5*(N5)^m_)*SQRT(1+(m_*J5*(N5)^(m_-1))^2)-(E5))) | P5: =O5-((O5)+(J5*(O5)^m_)*(m_*J5*(O5)^(m_-1))-(J5*(O5)^m_)*SQRT(1+(m_*J5*(O5)^(m_-1))^2)-(E5))*((O5)*1E-6)/(((O5+((O5)*1E-6))+(J5*(O5+((O5)*1E-6))^m_)*(m_*J5*(O5+((O5)*1E-6))^(m_-1))-(J5*(O5+((O5)*1E-6))^m_)*SQRT(1+(m_*J5*(O5+((O5)*1E-6))^(m_-1))^2)-(E5))-((O5)+(J5*(O5)^m_)*(m_*J5*(O5)^(m_-1))-(J5*(O5)^m_)*SQRT(1+(m_*J5*(O5)^(m_-1))^2)-(E5))) | Q5: =P5-((P5)+(J5*(P5)^m_)*(m_*J5*(P5)^(m_-1))-(J5*(P5)^m_)*SQRT(1+(m_*J5*(P5)^(m_-1))^2)-(E5))*((P5)*1E-6)/(((P5+((P5)*1E-6))+(J5*(P5+((P5)*1E-6))^m_)*(m_*J5*(P5+((P5)*1E-6))^(m_-1))-(J5*(P5+((P5)*1E-6))^m_)*SQRT(1+(m_*J5*(P5+((P5)*1E-6))^(m_-1))^2)-(E5))-((P5)+(J5*(P5)^m_)*(m_*J5*(P5)^(m_-1))-(J5*(P5)^m_)*SQRT(1+(m_*J5*(P5)^(m_-1))^2)-(E5))) | R5: =Q5-((Q5)+(J5*(Q5)^m_)*(m_*J5*(Q5)^(m_-1))-(J5*(Q5)^m_)*SQRT(1+(m_*J5*(Q5)^(m_-1))^2)-(E5))*((Q5)*1E-6)/(((Q5+((Q5)*1E-6))+(J5*(Q5+((Q5)*1E-6))^m_)*(m_*J5*(Q5+((Q5)*1E-6))^(m_-1))-(J5*(Q5+((Q5)*1E-6))^m_)*SQRT(1+(m_*J5*(Q5+((Q5)*1E-6))^(m_-1))^2)-(E5))-((Q5)+(J5*(Q5)^m_)*(m_*J5*(Q5)^(m_-1))-(J5*(Q5)^m_)*SQRT(1+(m_*J5*(Q5)^(m_-1))^2)-(E5))) | S5: =R5-((R5)+(J5*(R5)^m_)*(m_*J5*(R5)^(m_-1))-(J5*(R5)^m_)*SQRT(1+(m_*J5*(R5)^(m_-1))^2)-(E5))*((R5)*1E-6)/(((R5+((R5)*1E-6))+(J5*(R5+((R5)*1E-6))^m_)*(m_*J5*(R5+((R5)*1E-6))^(m_-1))-(J5*(R5+((R5)*1E-6))^m_)*SQRT(1+(m_*J5*(R5+((R5)*1E-6))^(m_-1))^2)-(E5))-((R5)+(J5*(R5)^m_)*(m_*J5*(R5)^(m_-1))-(J5*(R5)^m_)*SQRT(1+(m_*J5*(R5)^(m_-1))^2)-(E5))) | T5: =S5-((S5)+(J5*(S5)^m_)*(m_*J5*(S5)^(m_-1))-(J5*(S5)^m_)*SQRT(1+(m_*J5*(S5)^(m_-1))^2)-(E5))*((S5)*1E-6)/(((S5+((S5)*1E-6))+(J5*(S5+((S5)*1E-6))^m_)*(m_*J5*(S5+((S5)*1E-6))^(m_-1))-(J5*(S5+((S5)*1E-6))^m_)*SQRT(1+(m_*J5*(S5+((S5)*1E-6))^(m_-1))^2)-(E5))-((S5)+(J5*(S5)^m_)*(m_*J5*(S5)^(m_-1))-(J5*(S5)^m_)*SQRT(1+(m_*J5*(S5)^(m_-1))^2)-(E5))) | U5: =J5*T5^m_ | V5: =m_*J5*T5^(m_-1) | W5: =U5*SQRT(1+V5^2) | X5: =2*W5 | Y5: =LN(X5)-LN(G5) | Z5: =Y5^2
A6: G2012 | B6: G2012-MN-C | C6: TX | D6: 0.31196845 | E6: 1.9613 | F6: 8.2905 | G6: =F6-E6 | J6: =TAN(RADIANS(pe0-omega*D6))*sref^(1-m_) | K6: =2*E6-((2*E6)+(J6*(2*E6)^m_)*(m_*J6*(2*E6)^(m_-1))-(J6*(2*E6)^m_)*SQRT(1+(m_*J6*(2*E6)^(m_-1))^2)-(E6))*((2*E6)*1E-6)/(((2*E6+((2*E6)*1E-6))+(J6*(2*E6+((2*E6)*1E-6))^m_)*(m_*J6*(2*E6+((2*E6)*1E-6))^(m_-1))-(J6*(2*E6+((2*E6)*1E-6))^m_)*SQRT(1+(m_*J6*(2*E6+((2*E6)*1E-6))^(m_-1))^2)-(E6))-((2*E6)+(J6*(2*E6)^m_)*(m_*J6*(2*E6)^(m_-1))-(J6*(2*E6)^m_)*SQRT(1+(m_*J6*(2*E6)^(m_-1))^2)-(E6))) | L6: =K6-((K6)+(J6*(K6)^m_)*(m_*J6*(K6)^(m_-1))-(J6*(K6)^m_)*SQRT(1+(m_*J6*(K6)^(m_-1))^2)-(E6))*((K6)*1E-6)/(((K6+((K6)*1E-6))+(J6*(K6+((K6)*1E-6))^m_)*(m_*J6*(K6+((K6)*1E-6))^(m_-1))-(J6*(K6+((K6)*1E-6))^m_)*SQRT(1+(m_*J6*(K6+((K6)*1E-6))^(m_-1))^2)-(E6))-((K6)+(J6*(K6)^m_)*(m_*J6*(K6)^(m_-1))-(J6*(K6)^m_)*SQRT(1+(m_*J6*(K6)^(m_-1))^2)-(E6))) | M6: =L6-((L6)+(J6*(L6)^m_)*(m_*J6*(L6)^(m_-1))-(J6*(L6)^m_)*SQRT(1+(m_*J6*(L6)^(m_-1))^2)-(E6))*((L6)*1E-6)/(((L6+((L6)*1E-6))+(J6*(L6+((L6)*1E-6))^m_)*(m_*J6*(L6+((L6)*1E-6))^(m_-1))-(J6*(L6+((L6)*1E-6))^m_)*SQRT(1+(m_*J6*(L6+((L6)*1E-6))^(m_-1))^2)-(E6))-((L6)+(J6*(L6)^m_)*(m_*J6*(L6)^(m_-1))-(J6*(L6)^m_)*SQRT(1+(m_*J6*(L6)^(m_-1))^2)-(E6))) | N6: =M6-((M6)+(J6*(M6)^m_)*(m_*J6*(M6)^(m_-1))-(J6*(M6)^m_)*SQRT(1+(m_*J6*(M6)^(m_-1))^2)-(E6))*((M6)*1E-6)/(((M6+((M6)*1E-6))+(J6*(M6+((M6)*1E-6))^m_)*(m_*J6*(M6+((M6)*1E-6))^(m_-1))-(J6*(M6+((M6)*1E-6))^m_)*SQRT(1+(m_*J6*(M6+((M6)*1E-6))^(m_-1))^2)-(E6))-((M6)+(J6*(M6)^m_)*(m_*J6*(M6)^(m_-1))-(J6*(M6)^m_)*SQRT(1+(m_*J6*(M6)^(m_-1))^2)-(E6))) | O6: =N6-((N6)+(J6*(N6)^m_)*(m_*J6*(N6)^(m_-1))-(J6*(N6)^m_)*SQRT(1+(m_*J6*(N6)^(m_-1))^2)-(E6))*((N6)*1E-6)/(((N6+((N6)*1E-6))+(J6*(N6+((N6)*1E-6))^m_)*(m_*J6*(N6+((N6)*1E-6))^(m_-1))-(J6*(N6+((N6)*1E-6))^m_)*SQRT(1+(m_*J6*(N6+((N6)*1E-6))^(m_-1))^2)-(E6))-((N6)+(J6*(N6)^m_)*(m_*J6*(N6)^(m_-1))-(J6*(N6)^m_)*SQRT(1+(m_*J6*(N6)^(m_-1))^2)-(E6))) | P6: =O6-((O6)+(J6*(O6)^m_)*(m_*J6*(O6)^(m_-1))-(J6*(O6)^m_)*SQRT(1+(m_*J6*(O6)^(m_-1))^2)-(E6))*((O6)*1E-6)/(((O6+((O6)*1E-6))+(J6*(O6+((O6)*1E-6))^m_)*(m_*J6*(O6+((O6)*1E-6))^(m_-1))-(J6*(O6+((O6)*1E-6))^m_)*SQRT(1+(m_*J6*(O6+((O6)*1E-6))^(m_-1))^2)-(E6))-((O6)+(J6*(O6)^m_)*(m_*J6*(O6)^(m_-1))-(J6*(O6)^m_)*SQRT(1+(m_*J6*(O6)^(m_-1))^2)-(E6))) | Q6: =P6-((P6)+(J6*(P6)^m_)*(m_*J6*(P6)^(m_-1))-(J6*(P6)^m_)*SQRT(1+(m_*J6*(P6)^(m_-1))^2)-(E6))*((P6)*1E-6)/(((P6+((P6)*1E-6))+(J6*(P6+((P6)*1E-6))^m_)*(m_*J6*(P6+((P6)*1E-6))^(m_-1))-(J6*(P6+((P6)*1E-6))^m_)*SQRT(1+(m_*J6*(P6+((P6)*1E-6))^(m_-1))^2)-(E6))-((P6)+(J6*(P6)^m_)*(m_*J6*(P6)^(m_-1))-(J6*(P6)^m_)*SQRT(1+(m_*J6*(P6)^(m_-1))^2)-(E6))) | R6: =Q6-((Q6)+(J6*(Q6)^m_)*(m_*J6*(Q6)^(m_-1))-(J6*(Q6)^m_)*SQRT(1+(m_*J6*(Q6)^(m_-1))^2)-(E6))*((Q6)*1E-6)/(((Q6+((Q6)*1E-6))+(J6*(Q6+((Q6)*1E-6))^m_)*(m_*J6*(Q6+((Q6)*1E-6))^(m_-1))-(J6*(Q6+((Q6)*1E-6))^m_)*SQRT(1+(m_*J6*(Q6+((Q6)*1E-6))^(m_-1))^2)-(E6))-((Q6)+(J6*(Q6)^m_)*(m_*J6*(Q6)^(m_-1))-(J6*(Q6)^m_)*SQRT(1+(m_*J6*(Q6)^(m_-1))^2)-(E6))) | S6: =R6-((R6)+(J6*(R6)^m_)*(m_*J6*(R6)^(m_-1))-(J6*(R6)^m_)*SQRT(1+(m_*J6*(R6)^(m_-1))^2)-(E6))*((R6)*1E-6)/(((R6+((R6)*1E-6))+(J6*(R6+((R6)*1E-6))^m_)*(m_*J6*(R6+((R6)*1E-6))^(m_-1))-(J6*(R6+((R6)*1E-6))^m_)*SQRT(1+(m_*J6*(R6+((R6)*1E-6))^(m_-1))^2)-(E6))-((R6)+(J6*(R6)^m_)*(m_*J6*(R6)^(m_-1))-(J6*(R6)^m_)*SQRT(1+(m_*J6*(R6)^(m_-1))^2)-(E6))) | T6: =S6-((S6)+(J6*(S6)^m_)*(m_*J6*(S6)^(m_-1))-(J6*(S6)^m_)*SQRT(1+(m_*J6*(S6)^(m_-1))^2)-(E6))*((S6)*1E-6)/(((S6+((S6)*1E-6))+(J6*(S6+((S6)*1E-6))^m_)*(m_*J6*(S6+((S6)*1E-6))^(m_-1))-(J6*(S6+((S6)*1E-6))^m_)*SQRT(1+(m_*J6*(S6+((S6)*1E-6))^(m_-1))^2)-(E6))-((S6)+(J6*(S6)^m_)*(m_*J6*(S6)^(m_-1))-(J6*(S6)^m_)*SQRT(1+(m_*J6*(S6)^(m_-1))^2)-(E6))) | U6: =J6*T6^m_ | V6: =m_*J6*T6^(m_-1) | W6: =U6*SQRT(1+V6^2) | X6: =2*W6 | Y6: =LN(X6)-LN(G6) | Z6: =Y6^2
A7: G2021 | B7: G21-DESM-COMP | C7: TX | D7: 0.32227338 | E7: 0.098 | F7: 0.381 | G7: =F7-E7 | J7: =TAN(RADIANS(pe0-omega*D7))*sref^(1-m_) | K7: =2*E7-((2*E7)+(J7*(2*E7)^m_)*(m_*J7*(2*E7)^(m_-1))-(J7*(2*E7)^m_)*SQRT(1+(m_*J7*(2*E7)^(m_-1))^2)-(E7))*((2*E7)*1E-6)/(((2*E7+((2*E7)*1E-6))+(J7*(2*E7+((2*E7)*1E-6))^m_)*(m_*J7*(2*E7+((2*E7)*1E-6))^(m_-1))-(J7*(2*E7+((2*E7)*1E-6))^m_)*SQRT(1+(m_*J7*(2*E7+((2*E7)*1E-6))^(m_-1))^2)-(E7))-((2*E7)+(J7*(2*E7)^m_)*(m_*J7*(2*E7)^(m_-1))-(J7*(2*E7)^m_)*SQRT(1+(m_*J7*(2*E7)^(m_-1))^2)-(E7))) | L7: =K7-((K7)+(J7*(K7)^m_)*(m_*J7*(K7)^(m_-1))-(J7*(K7)^m_)*SQRT(1+(m_*J7*(K7)^(m_-1))^2)-(E7))*((K7)*1E-6)/(((K7+((K7)*1E-6))+(J7*(K7+((K7)*1E-6))^m_)*(m_*J7*(K7+((K7)*1E-6))^(m_-1))-(J7*(K7+((K7)*1E-6))^m_)*SQRT(1+(m_*J7*(K7+((K7)*1E-6))^(m_-1))^2)-(E7))-((K7)+(J7*(K7)^m_)*(m_*J7*(K7)^(m_-1))-(J7*(K7)^m_)*SQRT(1+(m_*J7*(K7)^(m_-1))^2)-(E7))) | M7: =L7-((L7)+(J7*(L7)^m_)*(m_*J7*(L7)^(m_-1))-(J7*(L7)^m_)*SQRT(1+(m_*J7*(L7)^(m_-1))^2)-(E7))*((L7)*1E-6)/(((L7+((L7)*1E-6))+(J7*(L7+((L7)*1E-6))^m_)*(m_*J7*(L7+((L7)*1E-6))^(m_-1))-(J7*(L7+((L7)*1E-6))^m_)*SQRT(1+(m_*J7*(L7+((L7)*1E-6))^(m_-1))^2)-(E7))-((L7)+(J7*(L7)^m_)*(m_*J7*(L7)^(m_-1))-(J7*(L7)^m_)*SQRT(1+(m_*J7*(L7)^(m_-1))^2)-(E7))) | N7: =M7-((M7)+(J7*(M7)^m_)*(m_*J7*(M7)^(m_-1))-(J7*(M7)^m_)*SQRT(1+(m_*J7*(M7)^(m_-1))^2)-(E7))*((M7)*1E-6)/(((M7+((M7)*1E-6))+(J7*(M7+((M7)*1E-6))^m_)*(m_*J7*(M7+((M7)*1E-6))^(m_-1))-(J7*(M7+((M7)*1E-6))^m_)*SQRT(1+(m_*J7*(M7+((M7)*1E-6))^(m_-1))^2)-(E7))-((M7)+(J7*(M7)^m_)*(m_*J7*(M7)^(m_-1))-(J7*(M7)^m_)*SQRT(1+(m_*J7*(M7)^(m_-1))^2)-(E7))) | O7: =N7-((N7)+(J7*(N7)^m_)*(m_*J7*(N7)^(m_-1))-(J7*(N7)^m_)*SQRT(1+(m_*J7*(N7)^(m_-1))^2)-(E7))*((N7)*1E-6)/(((N7+((N7)*1E-6))+(J7*(N7+((N7)*1E-6))^m_)*(m_*J7*(N7+((N7)*1E-6))^(m_-1))-(J7*(N7+((N7)*1E-6))^m_)*SQRT(1+(m_*J7*(N7+((N7)*1E-6))^(m_-1))^2)-(E7))-((N7)+(J7*(N7)^m_)*(m_*J7*(N7)^(m_-1))-(J7*(N7)^m_)*SQRT(1+(m_*J7*(N7)^(m_-1))^2)-(E7))) | P7: =O7-((O7)+(J7*(O7)^m_)*(m_*J7*(O7)^(m_-1))-(J7*(O7)^m_)*SQRT(1+(m_*J7*(O7)^(m_-1))^2)-(E7))*((O7)*1E-6)/(((O7+((O7)*1E-6))+(J7*(O7+((O7)*1E-6))^m_)*(m_*J7*(O7+((O7)*1E-6))^(m_-1))-(J7*(O7+((O7)*1E-6))^m_)*SQRT(1+(m_*J7*(O7+((O7)*1E-6))^(m_-1))^2)-(E7))-((O7)+(J7*(O7)^m_)*(m_*J7*(O7)^(m_-1))-(J7*(O7)^m_)*SQRT(1+(m_*J7*(O7)^(m_-1))^2)-(E7))) | Q7: =P7-((P7)+(J7*(P7)^m_)*(m_*J7*(P7)^(m_-1))-(J7*(P7)^m_)*SQRT(1+(m_*J7*(P7)^(m_-1))^2)-(E7))*((P7)*1E-6)/(((P7+((P7)*1E-6))+(J7*(P7+((P7)*1E-6))^m_)*(m_*J7*(P7+((P7)*1E-6))^(m_-1))-(J7*(P7+((P7)*1E-6))^m_)*SQRT(1+(m_*J7*(P7+((P7)*1E-6))^(m_-1))^2)-(E7))-((P7)+(J7*(P7)^m_)*(m_*J7*(P7)^(m_-1))-(J7*(P7)^m_)*SQRT(1+(m_*J7*(P7)^(m_-1))^2)-(E7))) | R7: =Q7-((Q7)+(J7*(Q7)^m_)*(m_*J7*(Q7)^(m_-1))-(J7*(Q7)^m_)*SQRT(1+(m_*J7*(Q7)^(m_-1))^2)-(E7))*((Q7)*1E-6)/(((Q7+((Q7)*1E-6))+(J7*(Q7+((Q7)*1E-6))^m_)*(m_*J7*(Q7+((Q7)*1E-6))^(m_-1))-(J7*(Q7+((Q7)*1E-6))^m_)*SQRT(1+(m_*J7*(Q7+((Q7)*1E-6))^(m_-1))^2)-(E7))-((Q7)+(J7*(Q7)^m_)*(m_*J7*(Q7)^(m_-1))-(J7*(Q7)^m_)*SQRT(1+(m_*J7*(Q7)^(m_-1))^2)-(E7))) | S7: =R7-((R7)+(J7*(R7)^m_)*(m_*J7*(R7)^(m_-1))-(J7*(R7)^m_)*SQRT(1+(m_*J7*(R7)^(m_-1))^2)-(E7))*((R7)*1E-6)/(((R7+((R7)*1E-6))+(J7*(R7+((R7)*1E-6))^m_)*(m_*J7*(R7+((R7)*1E-6))^(m_-1))-(J7*(R7+((R7)*1E-6))^m_)*SQRT(1+(m_*J7*(R7+((R7)*1E-6))^(m_-1))^2)-(E7))-((R7)+(J7*(R7)^m_)*(m_*J7*(R7)^(m_-1))-(J7*(R7)^m_)*SQRT(1+(m_*J7*(R7)^(m_-1))^2)-(E7))) | T7: =S7-((S7)+(J7*(S7)^m_)*(m_*J7*(S7)^(m_-1))-(J7*(S7)^m_)*SQRT(1+(m_*J7*(S7)^(m_-1))^2)-(E7))*((S7)*1E-6)/(((S7+((S7)*1E-6))+(J7*(S7+((S7)*1E-6))^m_)*(m_*J7*(S7+((S7)*1E-6))^(m_-1))-(J7*(S7+((S7)*1E-6))^m_)*SQRT(1+(m_*J7*(S7+((S7)*1E-6))^(m_-1))^2)-(E7))-((S7)+(J7*(S7)^m_)*(m_*J7*(S7)^(m_-1))-(J7*(S7)^m_)*SQRT(1+(m_*J7*(S7)^(m_-1))^2)-(E7))) | U7: =J7*T7^m_ | V7: =m_*J7*T7^(m_-1) | W7: =U7*SQRT(1+V7^2) | X7: =2*W7 | Y7: =LN(X7)-LN(G7) | Z7: =Y7^2
A8: G2021 | B8: G21-DESM-COMP | C8: TX | D8: 0.32227338 | E8: 0.399 | F8: 1.917 | G8: =F8-E8 | J8: =TAN(RADIANS(pe0-omega*D8))*sref^(1-m_) | K8: =2*E8-((2*E8)+(J8*(2*E8)^m_)*(m_*J8*(2*E8)^(m_-1))-(J8*(2*E8)^m_)*SQRT(1+(m_*J8*(2*E8)^(m_-1))^2)-(E8))*((2*E8)*1E-6)/(((2*E8+((2*E8)*1E-6))+(J8*(2*E8+((2*E8)*1E-6))^m_)*(m_*J8*(2*E8+((2*E8)*1E-6))^(m_-1))-(J8*(2*E8+((2*E8)*1E-6))^m_)*SQRT(1+(m_*J8*(2*E8+((2*E8)*1E-6))^(m_-1))^2)-(E8))-((2*E8)+(J8*(2*E8)^m_)*(m_*J8*(2*E8)^(m_-1))-(J8*(2*E8)^m_)*SQRT(1+(m_*J8*(2*E8)^(m_-1))^2)-(E8))) | L8: =K8-((K8)+(J8*(K8)^m_)*(m_*J8*(K8)^(m_-1))-(J8*(K8)^m_)*SQRT(1+(m_*J8*(K8)^(m_-1))^2)-(E8))*((K8)*1E-6)/(((K8+((K8)*1E-6))+(J8*(K8+((K8)*1E-6))^m_)*(m_*J8*(K8+((K8)*1E-6))^(m_-1))-(J8*(K8+((K8)*1E-6))^m_)*SQRT(1+(m_*J8*(K8+((K8)*1E-6))^(m_-1))^2)-(E8))-((K8)+(J8*(K8)^m_)*(m_*J8*(K8)^(m_-1))-(J8*(K8)^m_)*SQRT(1+(m_*J8*(K8)^(m_-1))^2)-(E8))) | M8: =L8-((L8)+(J8*(L8)^m_)*(m_*J8*(L8)^(m_-1))-(J8*(L8)^m_)*SQRT(1+(m_*J8*(L8)^(m_-1))^2)-(E8))*((L8)*1E-6)/(((L8+((L8)*1E-6))+(J8*(L8+((L8)*1E-6))^m_)*(m_*J8*(L8+((L8)*1E-6))^(m_-1))-(J8*(L8+((L8)*1E-6))^m_)*SQRT(1+(m_*J8*(L8+((L8)*1E-6))^(m_-1))^2)-(E8))-((L8)+(J8*(L8)^m_)*(m_*J8*(L8)^(m_-1))-(J8*(L8)^m_)*SQRT(1+(m_*J8*(L8)^(m_-1))^2)-(E8))) | N8: =M8-((M8)+(J8*(M8)^m_)*(m_*J8*(M8)^(m_-1))-(J8*(M8)^m_)*SQRT(1+(m_*J8*(M8)^(m_-1))^2)-(E8))*((M8)*1E-6)/(((M8+((M8)*1E-6))+(J8*(M8+((M8)*1E-6))^m_)*(m_*J8*(M8+((M8)*1E-6))^(m_-1))-(J8*(M8+((M8)*1E-6))^m_)*SQRT(1+(m_*J8*(M8+((M8)*1E-6))^(m_-1))^2)-(E8))-((M8)+(J8*(M8)^m_)*(m_*J8*(M8)^(m_-1))-(J8*(M8)^m_)*SQRT(1+(m_*J8*(M8)^(m_-1))^2)-(E8))) | O8: =N8-((N8)+(J8*(N8)^m_)*(m_*J8*(N8)^(m_-1))-(J8*(N8)^m_)*SQRT(1+(m_*J8*(N8)^(m_-1))^2)-(E8))*((N8)*1E-6)/(((N8+((N8)*1E-6))+(J8*(N8+((N8)*1E-6))^m_)*(m_*J8*(N8+((N8)*1E-6))^(m_-1))-(J8*(N8+((N8)*1E-6))^m_)*SQRT(1+(m_*J8*(N8+((N8)*1E-6))^(m_-1))^2)-(E8))-((N8)+(J8*(N8)^m_)*(m_*J8*(N8)^(m_-1))-(J8*(N8)^m_)*SQRT(1+(m_*J8*(N8)^(m_-1))^2)-(E8))) | P8: =O8-((O8)+(J8*(O8)^m_)*(m_*J8*(O8)^(m_-1))-(J8*(O8)^m_)*SQRT(1+(m_*J8*(O8)^(m_-1))^2)-(E8))*((O8)*1E-6)/(((O8+((O8)*1E-6))+(J8*(O8+((O8)*1E-6))^m_)*(m_*J8*(O8+((O8)*1E-6))^(m_-1))-(J8*(O8+((O8)*1E-6))^m_)*SQRT(1+(m_*J8*(O8+((O8)*1E-6))^(m_-1))^2)-(E8))-((O8)+(J8*(O8)^m_)*(m_*J8*(O8)^(m_-1))-(J8*(O8)^m_)*SQRT(1+(m_*J8*(O8)^(m_-1))^2)-(E8))) | Q8: =P8-((P8)+(J8*(P8)^m_)*(m_*J8*(P8)^(m_-1))-(J8*(P8)^m_)*SQRT(1+(m_*J8*(P8)^(m_-1))^2)-(E8))*((P8)*1E-6)/(((P8+((P8)*1E-6))+(J8*(P8+((P8)*1E-6))^m_)*(m_*J8*(P8+((P8)*1E-6))^(m_-1))-(J8*(P8+((P8)*1E-6))^m_)*SQRT(1+(m_*J8*(P8+((P8)*1E-6))^(m_-1))^2)-(E8))-((P8)+(J8*(P8)^m_)*(m_*J8*(P8)^(m_-1))-(J8*(P8)^m_)*SQRT(1+(m_*J8*(P8)^(m_-1))^2)-(E8))) | R8: =Q8-((Q8)+(J8*(Q8)^m_)*(m_*J8*(Q8)^(m_-1))-(J8*(Q8)^m_)*SQRT(1+(m_*J8*(Q8)^(m_-1))^2)-(E8))*((Q8)*1E-6)/(((Q8+((Q8)*1E-6))+(J8*(Q8+((Q8)*1E-6))^m_)*(m_*J8*(Q8+((Q8)*1E-6))^(m_-1))-(J8*(Q8+((Q8)*1E-6))^m_)*SQRT(1+(m_*J8*(Q8+((Q8)*1E-6))^(m_-1))^2)-(E8))-((Q8)+(J8*(Q8)^m_)*(m_*J8*(Q8)^(m_-1))-(J8*(Q8)^m_)*SQRT(1+(m_*J8*(Q8)^(m_-1))^2)-(E8))) | S8: =R8-((R8)+(J8*(R8)^m_)*(m_*J8*(R8)^(m_-1))-(J8*(R8)^m_)*SQRT(1+(m_*J8*(R8)^(m_-1))^2)-(E8))*((R8)*1E-6)/(((R8+((R8)*1E-6))+(J8*(R8+((R8)*1E-6))^m_)*(m_*J8*(R8+((R8)*1E-6))^(m_-1))-(J8*(R8+((R8)*1E-6))^m_)*SQRT(1+(m_*J8*(R8+((R8)*1E-6))^(m_-1))^2)-(E8))-((R8)+(J8*(R8)^m_)*(m_*J8*(R8)^(m_-1))-(J8*(R8)^m_)*SQRT(1+(m_*J8*(R8)^(m_-1))^2)-(E8))) | T8: =S8-((S8)+(J8*(S8)^m_)*(m_*J8*(S8)^(m_-1))-(J8*(S8)^m_)*SQRT(1+(m_*J8*(S8)^(m_-1))^2)-(E8))*((S8)*1E-6)/(((S8+((S8)*1E-6))+(J8*(S8+((S8)*1E-6))^m_)*(m_*J8*(S8+((S8)*1E-6))^(m_-1))-(J8*(S8+((S8)*1E-6))^m_)*SQRT(1+(m_*J8*(S8+((S8)*1E-6))^(m_-1))^2)-(E8))-((S8)+(J8*(S8)^m_)*(m_*J8*(S8)^(m_-1))-(J8*(S8)^m_)*SQRT(1+(m_*J8*(S8)^(m_-1))^2)-(E8))) | U8: =J8*T8^m_ | V8: =m_*J8*T8^(m_-1) | W8: =U8*SQRT(1+V8^2) | X8: =2*W8 | Y8: =LN(X8)-LN(G8) | Z8: =Y8^2
A9: G2021 | B9: G21-DESM-COMP | C9: TX | D9: 0.3235653 | E9: 1.2 | F9: 5.847 | G9: =F9-E9 | J9: =TAN(RADIANS(pe0-omega*D9))*sref^(1-m_) | K9: =2*E9-((2*E9)+(J9*(2*E9)^m_)*(m_*J9*(2*E9)^(m_-1))-(J9*(2*E9)^m_)*SQRT(1+(m_*J9*(2*E9)^(m_-1))^2)-(E9))*((2*E9)*1E-6)/(((2*E9+((2*E9)*1E-6))+(J9*(2*E9+((2*E9)*1E-6))^m_)*(m_*J9*(2*E9+((2*E9)*1E-6))^(m_-1))-(J9*(2*E9+((2*E9)*1E-6))^m_)*SQRT(1+(m_*J9*(2*E9+((2*E9)*1E-6))^(m_-1))^2)-(E9))-((2*E9)+(J9*(2*E9)^m_)*(m_*J9*(2*E9)^(m_-1))-(J9*(2*E9)^m_)*SQRT(1+(m_*J9*(2*E9)^(m_-1))^2)-(E9))) | L9: =K9-((K9)+(J9*(K9)^m_)*(m_*J9*(K9)^(m_-1))-(J9*(K9)^m_)*SQRT(1+(m_*J9*(K9)^(m_-1))^2)-(E9))*((K9)*1E-6)/(((K9+((K9)*1E-6))+(J9*(K9+((K9)*1E-6))^m_)*(m_*J9*(K9+((K9)*1E-6))^(m_-1))-(J9*(K9+((K9)*1E-6))^m_)*SQRT(1+(m_*J9*(K9+((K9)*1E-6))^(m_-1))^2)-(E9))-((K9)+(J9*(K9)^m_)*(m_*J9*(K9)^(m_-1))-(J9*(K9)^m_)*SQRT(1+(m_*J9*(K9)^(m_-1))^2)-(E9))) | M9: =L9-((L9)+(J9*(L9)^m_)*(m_*J9*(L9)^(m_-1))-(J9*(L9)^m_)*SQRT(1+(m_*J9*(L9)^(m_-1))^2)-(E9))*((L9)*1E-6)/(((L9+((L9)*1E-6))+(J9*(L9+((L9)*1E-6))^m_)*(m_*J9*(L9+((L9)*1E-6))^(m_-1))-(J9*(L9+((L9)*1E-6))^m_)*SQRT(1+(m_*J9*(L9+((L9)*1E-6))^(m_-1))^2)-(E9))-((L9)+(J9*(L9)^m_)*(m_*J9*(L9)^(m_-1))-(J9*(L9)^m_)*SQRT(1+(m_*J9*(L9)^(m_-1))^2)-(E9))) | N9: =M9-((M9)+(J9*(M9)^m_)*(m_*J9*(M9)^(m_-1))-(J9*(M9)^m_)*SQRT(1+(m_*J9*(M9)^(m_-1))^2)-(E9))*((M9)*1E-6)/(((M9+((M9)*1E-6))+(J9*(M9+((M9)*1E-6))^m_)*(m_*J9*(M9+((M9)*1E-6))^(m_-1))-(J9*(M9+((M9)*1E-6))^m_)*SQRT(1+(m_*J9*(M9+((M9)*1E-6))^(m_-1))^2)-(E9))-((M9)+(J9*(M9)^m_)*(m_*J9*(M9)^(m_-1))-(J9*(M9)^m_)*SQRT(1+(m_*J9*(M9)^(m_-1))^2)-(E9))) | O9: =N9-((N9)+(J9*(N9)^m_)*(m_*J9*(N9)^(m_-1))-(J9*(N9)^m_)*SQRT(1+(m_*J9*(N9)^(m_-1))^2)-(E9))*((N9)*1E-6)/(((N9+((N9)*1E-6))+(J9*(N9+((N9)*1E-6))^m_)*(m_*J9*(N9+((N9)*1E-6))^(m_-1))-(J9*(N9+((N9)*1E-6))^m_)*SQRT(1+(m_*J9*(N9+((N9)*1E-6))^(m_-1))^2)-(E9))-((N9)+(J9*(N9)^m_)*(m_*J9*(N9)^(m_-1))-(J9*(N9)^m_)*SQRT(1+(m_*J9*(N9)^(m_-1))^2)-(E9))) | P9: =O9-((O9)+(J9*(O9)^m_)*(m_*J9*(O9)^(m_-1))-(J9*(O9)^m_)*SQRT(1+(m_*J9*(O9)^(m_-1))^2)-(E9))*((O9)*1E-6)/(((O9+((O9)*1E-6))+(J9*(O9+((O9)*1E-6))^m_)*(m_*J9*(O9+((O9)*1E-6))^(m_-1))-(J9*(O9+((O9)*1E-6))^m_)*SQRT(1+(m_*J9*(O9+((O9)*1E-6))^(m_-1))^2)-(E9))-((O9)+(J9*(O9)^m_)*(m_*J9*(O9)^(m_-1))-(J9*(O9)^m_)*SQRT(1+(m_*J9*(O9)^(m_-1))^2)-(E9))) | Q9: =P9-((P9)+(J9*(P9)^m_)*(m_*J9*(P9)^(m_-1))-(J9*(P9)^m_)*SQRT(1+(m_*J9*(P9)^(m_-1))^2)-(E9))*((P9)*1E-6)/(((P9+((P9)*1E-6))+(J9*(P9+((P9)*1E-6))^m_)*(m_*J9*(P9+((P9)*1E-6))^(m_-1))-(J9*(P9+((P9)*1E-6))^m_)*SQRT(1+(m_*J9*(P9+((P9)*1E-6))^(m_-1))^2)-(E9))-((P9)+(J9*(P9)^m_)*(m_*J9*(P9)^(m_-1))-(J9*(P9)^m_)*SQRT(1+(m_*J9*(P9)^(m_-1))^2)-(E9))) | R9: =Q9-((Q9)+(J9*(Q9)^m_)*(m_*J9*(Q9)^(m_-1))-(J9*(Q9)^m_)*SQRT(1+(m_*J9*(Q9)^(m_-1))^2)-(E9))*((Q9)*1E-6)/(((Q9+((Q9)*1E-6))+(J9*(Q9+((Q9)*1E-6))^m_)*(m_*J9*(Q9+((Q9)*1E-6))^(m_-1))-(J9*(Q9+((Q9)*1E-6))^m_)*SQRT(1+(m_*J9*(Q9+((Q9)*1E-6))^(m_-1))^2)-(E9))-((Q9)+(J9*(Q9)^m_)*(m_*J9*(Q9)^(m_-1))-(J9*(Q9)^m_)*SQRT(1+(m_*J9*(Q9)^(m_-1))^2)-(E9))) | S9: =R9-((R9)+(J9*(R9)^m_)*(m_*J9*(R9)^(m_-1))-(J9*(R9)^m_)*SQRT(1+(m_*J9*(R9)^(m_-1))^2)-(E9))*((R9)*1E-6)/(((R9+((R9)*1E-6))+(J9*(R9+((R9)*1E-6))^m_)*(m_*J9*(R9+((R9)*1E-6))^(m_-1))-(J9*(R9+((R9)*1E-6))^m_)*SQRT(1+(m_*J9*(R9+((R9)*1E-6))^(m_-1))^2)-(E9))-((R9)+(J9*(R9)^m_)*(m_*J9*(R9)^(m_-1))-(J9*(R9)^m_)*SQRT(1+(m_*J9*(R9)^(m_-1))^2)-(E9))) | T9: =S9-((S9)+(J9*(S9)^m_)*(m_*J9*(S9)^(m_-1))-(J9*(S9)^m_)*SQRT(1+(m_*J9*(S9)^(m_-1))^2)-(E9))*((S9)*1E-6)/(((S9+((S9)*1E-6))+(J9*(S9+((S9)*1E-6))^m_)*(m_*J9*(S9+((S9)*1E-6))^(m_-1))-(J9*(S9+((S9)*1E-6))^m_)*SQRT(1+(m_*J9*(S9+((S9)*1E-6))^(m_-1))^2)-(E9))-((S9)+(J9*(S9)^m_)*(m_*J9*(S9)^(m_-1))-(J9*(S9)^m_)*SQRT(1+(m_*J9*(S9)^(m_-1))^2)-(E9))) | U9: =J9*T9^m_ | V9: =m_*J9*T9^(m_-1) | W9: =U9*SQRT(1+V9^2) | X9: =2*W9 | Y9: =LN(X9)-LN(G9) | Z9: =Y9^2
A10: W2022 | B10: HF-1.0m-IDIEM-mono | C10: TX | D10: 0.33173131 | E10: 0.981 | F10: 4.878 | G10: =F10-E10 | J10: =TAN(RADIANS(pe0-omega*D10))*sref^(1-m_) | K10: =2*E10-((2*E10)+(J10*(2*E10)^m_)*(m_*J10*(2*E10)^(m_-1))-(J10*(2*E10)^m_)*SQRT(1+(m_*J10*(2*E10)^(m_-1))^2)-(E10))*((2*E10)*1E-6)/(((2*E10+((2*E10)*1E-6))+(J10*(2*E10+((2*E10)*1E-6))^m_)*(m_*J10*(2*E10+((2*E10)*1E-6))^(m_-1))-(J10*(2*E10+((2*E10)*1E-6))^m_)*SQRT(1+(m_*J10*(2*E10+((2*E10)*1E-6))^(m_-1))^2)-(E10))-((2*E10)+(J10*(2*E10)^m_)*(m_*J10*(2*E10)^(m_-1))-(J10*(2*E10)^m_)*SQRT(1+(m_*J10*(2*E10)^(m_-1))^2)-(E10))) | L10: =K10-((K10)+(J10*(K10)^m_)*(m_*J10*(K10)^(m_-1))-(J10*(K10)^m_)*SQRT(1+(m_*J10*(K10)^(m_-1))^2)-(E10))*((K10)*1E-6)/(((K10+((K10)*1E-6))+(J10*(K10+((K10)*1E-6))^m_)*(m_*J10*(K10+((K10)*1E-6))^(m_-1))-(J10*(K10+((K10)*1E-6))^m_)*SQRT(1+(m_*J10*(K10+((K10)*1E-6))^(m_-1))^2)-(E10))-((K10)+(J10*(K10)^m_)*(m_*J10*(K10)^(m_-1))-(J10*(K10)^m_)*SQRT(1+(m_*J10*(K10)^(m_-1))^2)-(E10))) | M10: =L10-((L10)+(J10*(L10)^m_)*(m_*J10*(L10)^(m_-1))-(J10*(L10)^m_)*SQRT(1+(m_*J10*(L10)^(m_-1))^2)-(E10))*((L10)*1E-6)/(((L10+((L10)*1E-6))+(J10*(L10+((L10)*1E-6))^m_)*(m_*J10*(L10+((L10)*1E-6))^(m_-1))-(J10*(L10+((L10)*1E-6))^m_)*SQRT(1+(m_*J10*(L10+((L10)*1E-6))^(m_-1))^2)-(E10))-((L10)+(J10*(L10)^m_)*(m_*J10*(L10)^(m_-1))-(J10*(L10)^m_)*SQRT(1+(m_*J10*(L10)^(m_-1))^2)-(E10))) | N10: =M10-((M10)+(J10*(M10)^m_)*(m_*J10*(M10)^(m_-1))-(J10*(M10)^m_)*SQRT(1+(m_*J10*(M10)^(m_-1))^2)-(E10))*((M10)*1E-6)/(((M10+((M10)*1E-6))+(J10*(M10+((M10)*1E-6))^m_)*(m_*J10*(M10+((M10)*1E-6))^(m_-1))-(J10*(M10+((M10)*1E-6))^m_)*SQRT(1+(m_*J10*(M10+((M10)*1E-6))^(m_-1))^2)-(E10))-((M10)+(J10*(M10)^m_)*(m_*J10*(M10)^(m_-1))-(J10*(M10)^m_)*SQRT(1+(m_*J10*(M10)^(m_-1))^2)-(E10))) | O10: =N10-((N10)+(J10*(N10)^m_)*(m_*J10*(N10)^(m_-1))-(J10*(N10)^m_)*SQRT(1+(m_*J10*(N10)^(m_-1))^2)-(E10))*((N10)*1E-6)/(((N10+((N10)*1E-6))+(J10*(N10+((N10)*1E-6))^m_)*(m_*J10*(N10+((N10)*1E-6))^(m_-1))-(J10*(N10+((N10)*1E-6))^m_)*SQRT(1+(m_*J10*(N10+((N10)*1E-6))^(m_-1))^2)-(E10))-((N10)+(J10*(N10)^m_)*(m_*J10*(N10)^(m_-1))-(J10*(N10)^m_)*SQRT(1+(m_*J10*(N10)^(m_-1))^2)-(E10))) | P10: =O10-((O10)+(J10*(O10)^m_)*(m_*J10*(O10)^(m_-1))-(J10*(O10)^m_)*SQRT(1+(m_*J10*(O10)^(m_-1))^2)-(E10))*((O10)*1E-6)/(((O10+((O10)*1E-6))+(J10*(O10+((O10)*1E-6))^m_)*(m_*J10*(O10+((O10)*1E-6))^(m_-1))-(J10*(O10+((O10)*1E-6))^m_)*SQRT(1+(m_*J10*(O10+((O10)*1E-6))^(m_-1))^2)-(E10))-((O10)+(J10*(O10)^m_)*(m_*J10*(O10)^(m_-1))-(J10*(O10)^m_)*SQRT(1+(m_*J10*(O10)^(m_-1))^2)-(E10))) | Q10: =P10-((P10)+(J10*(P10)^m_)*(m_*J10*(P10)^(m_-1))-(J10*(P10)^m_)*SQRT(1+(m_*J10*(P10)^(m_-1))^2)-(E10))*((P10)*1E-6)/(((P10+((P10)*1E-6))+(J10*(P10+((P10)*1E-6))^m_)*(m_*J10*(P10+((P10)*1E-6))^(m_-1))-(J10*(P10+((P10)*1E-6))^m_)*SQRT(1+(m_*J10*(P10+((P10)*1E-6))^(m_-1))^2)-(E10))-((P10)+(J10*(P10)^m_)*(m_*J10*(P10)^(m_-1))-(J10*(P10)^m_)*SQRT(1+(m_*J10*(P10)^(m_-1))^2)-(E10))) | R10: =Q10-((Q10)+(J10*(Q10)^m_)*(m_*J10*(Q10)^(m_-1))-(J10*(Q10)^m_)*SQRT(1+(m_*J10*(Q10)^(m_-1))^2)-(E10))*((Q10)*1E-6)/(((Q10+((Q10)*1E-6))+(J10*(Q10+((Q10)*1E-6))^m_)*(m_*J10*(Q10+((Q10)*1E-6))^(m_-1))-(J10*(Q10+((Q10)*1E-6))^m_)*SQRT(1+(m_*J10*(Q10+((Q10)*1E-6))^(m_-1))^2)-(E10))-((Q10)+(J10*(Q10)^m_)*(m_*J10*(Q10)^(m_-1))-(J10*(Q10)^m_)*SQRT(1+(m_*J10*(Q10)^(m_-1))^2)-(E10))) | S10: =R10-((R10)+(J10*(R10)^m_)*(m_*J10*(R10)^(m_-1))-(J10*(R10)^m_)*SQRT(1+(m_*J10*(R10)^(m_-1))^2)-(E10))*((R10)*1E-6)/(((R10+((R10)*1E-6))+(J10*(R10+((R10)*1E-6))^m_)*(m_*J10*(R10+((R10)*1E-6))^(m_-1))-(J10*(R10+((R10)*1E-6))^m_)*SQRT(1+(m_*J10*(R10+((R10)*1E-6))^(m_-1))^2)-(E10))-((R10)+(J10*(R10)^m_)*(m_*J10*(R10)^(m_-1))-(J10*(R10)^m_)*SQRT(1+(m_*J10*(R10)^(m_-1))^2)-(E10))) | T10: =S10-((S10)+(J10*(S10)^m_)*(m_*J10*(S10)^(m_-1))-(J10*(S10)^m_)*SQRT(1+(m_*J10*(S10)^(m_-1))^2)-(E10))*((S10)*1E-6)/(((S10+((S10)*1E-6))+(J10*(S10+((S10)*1E-6))^m_)*(m_*J10*(S10+((S10)*1E-6))^(m_-1))-(J10*(S10+((S10)*1E-6))^m_)*SQRT(1+(m_*J10*(S10+((S10)*1E-6))^(m_-1))^2)-(E10))-((S10)+(J10*(S10)^m_)*(m_*J10*(S10)^(m_-1))-(J10*(S10)^m_)*SQRT(1+(m_*J10*(S10)^(m_-1))^2)-(E10))) | U10: =J10*T10^m_ | V10: =m_*J10*T10^(m_-1) | W10: =U10*SQRT(1+V10^2) | X10: =2*W10 | Y10: =LN(X10)-LN(G10) | Z10: =Y10^2
A11: W2022 | B11: HF-1.0m-IDIEM-mono | C11: TX | D11: 0.33173131 | E11: 1.961 | F11: 11.021 | G11: =F11-E11 | J11: =TAN(RADIANS(pe0-omega*D11))*sref^(1-m_) | K11: =2*E11-((2*E11)+(J11*(2*E11)^m_)*(m_*J11*(2*E11)^(m_-1))-(J11*(2*E11)^m_)*SQRT(1+(m_*J11*(2*E11)^(m_-1))^2)-(E11))*((2*E11)*1E-6)/(((2*E11+((2*E11)*1E-6))+(J11*(2*E11+((2*E11)*1E-6))^m_)*(m_*J11*(2*E11+((2*E11)*1E-6))^(m_-1))-(J11*(2*E11+((2*E11)*1E-6))^m_)*SQRT(1+(m_*J11*(2*E11+((2*E11)*1E-6))^(m_-1))^2)-(E11))-((2*E11)+(J11*(2*E11)^m_)*(m_*J11*(2*E11)^(m_-1))-(J11*(2*E11)^m_)*SQRT(1+(m_*J11*(2*E11)^(m_-1))^2)-(E11))) | L11: =K11-((K11)+(J11*(K11)^m_)*(m_*J11*(K11)^(m_-1))-(J11*(K11)^m_)*SQRT(1+(m_*J11*(K11)^(m_-1))^2)-(E11))*((K11)*1E-6)/(((K11+((K11)*1E-6))+(J11*(K11+((K11)*1E-6))^m_)*(m_*J11*(K11+((K11)*1E-6))^(m_-1))-(J11*(K11+((K11)*1E-6))^m_)*SQRT(1+(m_*J11*(K11+((K11)*1E-6))^(m_-1))^2)-(E11))-((K11)+(J11*(K11)^m_)*(m_*J11*(K11)^(m_-1))-(J11*(K11)^m_)*SQRT(1+(m_*J11*(K11)^(m_-1))^2)-(E11))) | M11: =L11-((L11)+(J11*(L11)^m_)*(m_*J11*(L11)^(m_-1))-(J11*(L11)^m_)*SQRT(1+(m_*J11*(L11)^(m_-1))^2)-(E11))*((L11)*1E-6)/(((L11+((L11)*1E-6))+(J11*(L11+((L11)*1E-6))^m_)*(m_*J11*(L11+((L11)*1E-6))^(m_-1))-(J11*(L11+((L11)*1E-6))^m_)*SQRT(1+(m_*J11*(L11+((L11)*1E-6))^(m_-1))^2)-(E11))-((L11)+(J11*(L11)^m_)*(m_*J11*(L11)^(m_-1))-(J11*(L11)^m_)*SQRT(1+(m_*J11*(L11)^(m_-1))^2)-(E11))) | N11: =M11-((M11)+(J11*(M11)^m_)*(m_*J11*(M11)^(m_-1))-(J11*(M11)^m_)*SQRT(1+(m_*J11*(M11)^(m_-1))^2)-(E11))*((M11)*1E-6)/(((M11+((M11)*1E-6))+(J11*(M11+((M11)*1E-6))^m_)*(m_*J11*(M11+((M11)*1E-6))^(m_-1))-(J11*(M11+((M11)*1E-6))^m_)*SQRT(1+(m_*J11*(M11+((M11)*1E-6))^(m_-1))^2)-(E11))-((M11)+(J11*(M11)^m_)*(m_*J11*(M11)^(m_-1))-(J11*(M11)^m_)*SQRT(1+(m_*J11*(M11)^(m_-1))^2)-(E11))) | O11: =N11-((N11)+(J11*(N11)^m_)*(m_*J11*(N11)^(m_-1))-(J11*(N11)^m_)*SQRT(1+(m_*J11*(N11)^(m_-1))^2)-(E11))*((N11)*1E-6)/(((N11+((N11)*1E-6))+(J11*(N11+((N11)*1E-6))^m_)*(m_*J11*(N11+((N11)*1E-6))^(m_-1))-(J11*(N11+((N11)*1E-6))^m_)*SQRT(1+(m_*J11*(N11+((N11)*1E-6))^(m_-1))^2)-(E11))-((N11)+(J11*(N11)^m_)*(m_*J11*(N11)^(m_-1))-(J11*(N11)^m_)*SQRT(1+(m_*J11*(N11)^(m_-1))^2)-(E11))) | P11: =O11-((O11)+(J11*(O11)^m_)*(m_*J11*(O11)^(m_-1))-(J11*(O11)^m_)*SQRT(1+(m_*J11*(O11)^(m_-1))^2)-(E11))*((O11)*1E-6)/(((O11+((O11)*1E-6))+(J11*(O11+((O11)*1E-6))^m_)*(m_*J11*(O11+((O11)*1E-6))^(m_-1))-(J11*(O11+((O11)*1E-6))^m_)*SQRT(1+(m_*J11*(O11+((O11)*1E-6))^(m_-1))^2)-(E11))-((O11)+(J11*(O11)^m_)*(m_*J11*(O11)^(m_-1))-(J11*(O11)^m_)*SQRT(1+(m_*J11*(O11)^(m_-1))^2)-(E11))) | Q11: =P11-((P11)+(J11*(P11)^m_)*(m_*J11*(P11)^(m_-1))-(J11*(P11)^m_)*SQRT(1+(m_*J11*(P11)^(m_-1))^2)-(E11))*((P11)*1E-6)/(((P11+((P11)*1E-6))+(J11*(P11+((P11)*1E-6))^m_)*(m_*J11*(P11+((P11)*1E-6))^(m_-1))-(J11*(P11+((P11)*1E-6))^m_)*SQRT(1+(m_*J11*(P11+((P11)*1E-6))^(m_-1))^2)-(E11))-((P11)+(J11*(P11)^m_)*(m_*J11*(P11)^(m_-1))-(J11*(P11)^m_)*SQRT(1+(m_*J11*(P11)^(m_-1))^2)-(E11))) | R11: =Q11-((Q11)+(J11*(Q11)^m_)*(m_*J11*(Q11)^(m_-1))-(J11*(Q11)^m_)*SQRT(1+(m_*J11*(Q11)^(m_-1))^2)-(E11))*((Q11)*1E-6)/(((Q11+((Q11)*1E-6))+(J11*(Q11+((Q11)*1E-6))^m_)*(m_*J11*(Q11+((Q11)*1E-6))^(m_-1))-(J11*(Q11+((Q11)*1E-6))^m_)*SQRT(1+(m_*J11*(Q11+((Q11)*1E-6))^(m_-1))^2)-(E11))-((Q11)+(J11*(Q11)^m_)*(m_*J11*(Q11)^(m_-1))-(J11*(Q11)^m_)*SQRT(1+(m_*J11*(Q11)^(m_-1))^2)-(E11))) | S11: =R11-((R11)+(J11*(R11)^m_)*(m_*J11*(R11)^(m_-1))-(J11*(R11)^m_)*SQRT(1+(m_*J11*(R11)^(m_-1))^2)-(E11))*((R11)*1E-6)/(((R11+((R11)*1E-6))+(J11*(R11+((R11)*1E-6))^m_)*(m_*J11*(R11+((R11)*1E-6))^(m_-1))-(J11*(R11+((R11)*1E-6))^m_)*SQRT(1+(m_*J11*(R11+((R11)*1E-6))^(m_-1))^2)-(E11))-((R11)+(J11*(R11)^m_)*(m_*J11*(R11)^(m_-1))-(J11*(R11)^m_)*SQRT(1+(m_*J11*(R11)^(m_-1))^2)-(E11))) | T11: =S11-((S11)+(J11*(S11)^m_)*(m_*J11*(S11)^(m_-1))-(J11*(S11)^m_)*SQRT(1+(m_*J11*(S11)^(m_-1))^2)-(E11))*((S11)*1E-6)/(((S11+((S11)*1E-6))+(J11*(S11+((S11)*1E-6))^m_)*(m_*J11*(S11+((S11)*1E-6))^(m_-1))-(J11*(S11+((S11)*1E-6))^m_)*SQRT(1+(m_*J11*(S11+((S11)*1E-6))^(m_-1))^2)-(E11))-((S11)+(J11*(S11)^m_)*(m_*J11*(S11)^(m_-1))-(J11*(S11)^m_)*SQRT(1+(m_*J11*(S11)^(m_-1))^2)-(E11))) | U11: =J11*T11^m_ | V11: =m_*J11*T11^(m_-1) | W11: =U11*SQRT(1+V11^2) | X11: =2*W11 | Y11: =LN(X11)-LN(G11) | Z11: =Y11^2
A12: W2022 | B12: HF-1.0m-IDIEM-mono | C12: TX | D12: 0.33173131 | E12: 2.452 | F12: 14.382 | G12: =F12-E12 | J12: =TAN(RADIANS(pe0-omega*D12))*sref^(1-m_) | K12: =2*E12-((2*E12)+(J12*(2*E12)^m_)*(m_*J12*(2*E12)^(m_-1))-(J12*(2*E12)^m_)*SQRT(1+(m_*J12*(2*E12)^(m_-1))^2)-(E12))*((2*E12)*1E-6)/(((2*E12+((2*E12)*1E-6))+(J12*(2*E12+((2*E12)*1E-6))^m_)*(m_*J12*(2*E12+((2*E12)*1E-6))^(m_-1))-(J12*(2*E12+((2*E12)*1E-6))^m_)*SQRT(1+(m_*J12*(2*E12+((2*E12)*1E-6))^(m_-1))^2)-(E12))-((2*E12)+(J12*(2*E12)^m_)*(m_*J12*(2*E12)^(m_-1))-(J12*(2*E12)^m_)*SQRT(1+(m_*J12*(2*E12)^(m_-1))^2)-(E12))) | L12: =K12-((K12)+(J12*(K12)^m_)*(m_*J12*(K12)^(m_-1))-(J12*(K12)^m_)*SQRT(1+(m_*J12*(K12)^(m_-1))^2)-(E12))*((K12)*1E-6)/(((K12+((K12)*1E-6))+(J12*(K12+((K12)*1E-6))^m_)*(m_*J12*(K12+((K12)*1E-6))^(m_-1))-(J12*(K12+((K12)*1E-6))^m_)*SQRT(1+(m_*J12*(K12+((K12)*1E-6))^(m_-1))^2)-(E12))-((K12)+(J12*(K12)^m_)*(m_*J12*(K12)^(m_-1))-(J12*(K12)^m_)*SQRT(1+(m_*J12*(K12)^(m_-1))^2)-(E12))) | M12: =L12-((L12)+(J12*(L12)^m_)*(m_*J12*(L12)^(m_-1))-(J12*(L12)^m_)*SQRT(1+(m_*J12*(L12)^(m_-1))^2)-(E12))*((L12)*1E-6)/(((L12+((L12)*1E-6))+(J12*(L12+((L12)*1E-6))^m_)*(m_*J12*(L12+((L12)*1E-6))^(m_-1))-(J12*(L12+((L12)*1E-6))^m_)*SQRT(1+(m_*J12*(L12+((L12)*1E-6))^(m_-1))^2)-(E12))-((L12)+(J12*(L12)^m_)*(m_*J12*(L12)^(m_-1))-(J12*(L12)^m_)*SQRT(1+(m_*J12*(L12)^(m_-1))^2)-(E12))) | N12: =M12-((M12)+(J12*(M12)^m_)*(m_*J12*(M12)^(m_-1))-(J12*(M12)^m_)*SQRT(1+(m_*J12*(M12)^(m_-1))^2)-(E12))*((M12)*1E-6)/(((M12+((M12)*1E-6))+(J12*(M12+((M12)*1E-6))^m_)*(m_*J12*(M12+((M12)*1E-6))^(m_-1))-(J12*(M12+((M12)*1E-6))^m_)*SQRT(1+(m_*J12*(M12+((M12)*1E-6))^(m_-1))^2)-(E12))-((M12)+(J12*(M12)^m_)*(m_*J12*(M12)^(m_-1))-(J12*(M12)^m_)*SQRT(1+(m_*J12*(M12)^(m_-1))^2)-(E12))) | O12: =N12-((N12)+(J12*(N12)^m_)*(m_*J12*(N12)^(m_-1))-(J12*(N12)^m_)*SQRT(1+(m_*J12*(N12)^(m_-1))^2)-(E12))*((N12)*1E-6)/(((N12+((N12)*1E-6))+(J12*(N12+((N12)*1E-6))^m_)*(m_*J12*(N12+((N12)*1E-6))^(m_-1))-(J12*(N12+((N12)*1E-6))^m_)*SQRT(1+(m_*J12*(N12+((N12)*1E-6))^(m_-1))^2)-(E12))-((N12)+(J12*(N12)^m_)*(m_*J12*(N12)^(m_-1))-(J12*(N12)^m_)*SQRT(1+(m_*J12*(N12)^(m_-1))^2)-(E12))) | P12: =O12-((O12)+(J12*(O12)^m_)*(m_*J12*(O12)^(m_-1))-(J12*(O12)^m_)*SQRT(1+(m_*J12*(O12)^(m_-1))^2)-(E12))*((O12)*1E-6)/(((O12+((O12)*1E-6))+(J12*(O12+((O12)*1E-6))^m_)*(m_*J12*(O12+((O12)*1E-6))^(m_-1))-(J12*(O12+((O12)*1E-6))^m_)*SQRT(1+(m_*J12*(O12+((O12)*1E-6))^(m_-1))^2)-(E12))-((O12)+(J12*(O12)^m_)*(m_*J12*(O12)^(m_-1))-(J12*(O12)^m_)*SQRT(1+(m_*J12*(O12)^(m_-1))^2)-(E12))) | Q12: =P12-((P12)+(J12*(P12)^m_)*(m_*J12*(P12)^(m_-1))-(J12*(P12)^m_)*SQRT(1+(m_*J12*(P12)^(m_-1))^2)-(E12))*((P12)*1E-6)/(((P12+((P12)*1E-6))+(J12*(P12+((P12)*1E-6))^m_)*(m_*J12*(P12+((P12)*1E-6))^(m_-1))-(J12*(P12+((P12)*1E-6))^m_)*SQRT(1+(m_*J12*(P12+((P12)*1E-6))^(m_-1))^2)-(E12))-((P12)+(J12*(P12)^m_)*(m_*J12*(P12)^(m_-1))-(J12*(P12)^m_)*SQRT(1+(m_*J12*(P12)^(m_-1))^2)-(E12))) | R12: =Q12-((Q12)+(J12*(Q12)^m_)*(m_*J12*(Q12)^(m_-1))-(J12*(Q12)^m_)*SQRT(1+(m_*J12*(Q12)^(m_-1))^2)-(E12))*((Q12)*1E-6)/(((Q12+((Q12)*1E-6))+(J12*(Q12+((Q12)*1E-6))^m_)*(m_*J12*(Q12+((Q12)*1E-6))^(m_-1))-(J12*(Q12+((Q12)*1E-6))^m_)*SQRT(1+(m_*J12*(Q12+((Q12)*1E-6))^(m_-1))^2)-(E12))-((Q12)+(J12*(Q12)^m_)*(m_*J12*(Q12)^(m_-1))-(J12*(Q12)^m_)*SQRT(1+(m_*J12*(Q12)^(m_-1))^2)-(E12))) | S12: =R12-((R12)+(J12*(R12)^m_)*(m_*J12*(R12)^(m_-1))-(J12*(R12)^m_)*SQRT(1+(m_*J12*(R12)^(m_-1))^2)-(E12))*((R12)*1E-6)/(((R12+((R12)*1E-6))+(J12*(R12+((R12)*1E-6))^m_)*(m_*J12*(R12+((R12)*1E-6))^(m_-1))-(J12*(R12+((R12)*1E-6))^m_)*SQRT(1+(m_*J12*(R12+((R12)*1E-6))^(m_-1))^2)-(E12))-((R12)+(J12*(R12)^m_)*(m_*J12*(R12)^(m_-1))-(J12*(R12)^m_)*SQRT(1+(m_*J12*(R12)^(m_-1))^2)-(E12))) | T12: =S12-((S12)+(J12*(S12)^m_)*(m_*J12*(S12)^(m_-1))-(J12*(S12)^m_)*SQRT(1+(m_*J12*(S12)^(m_-1))^2)-(E12))*((S12)*1E-6)/(((S12+((S12)*1E-6))+(J12*(S12+((S12)*1E-6))^m_)*(m_*J12*(S12+((S12)*1E-6))^(m_-1))-(J12*(S12+((S12)*1E-6))^m_)*SQRT(1+(m_*J12*(S12+((S12)*1E-6))^(m_-1))^2)-(E12))-((S12)+(J12*(S12)^m_)*(m_*J12*(S12)^(m_-1))-(J12*(S12)^m_)*SQRT(1+(m_*J12*(S12)^(m_-1))^2)-(E12))) | U12: =J12*T12^m_ | V12: =m_*J12*T12^(m_-1) | W12: =U12*SQRT(1+V12^2) | X12: =2*W12 | Y12: =LN(X12)-LN(G12) | Z12: =Y12^2
A13: W2022 | B13: HF-1.0m-IDIEM-cd | C13: TX | D13: 0.35743023 | E13: 0.981 | F13: 4.801 | G13: =F13-E13 | J13: =TAN(RADIANS(pe0-omega*D13))*sref^(1-m_) | K13: =2*E13-((2*E13)+(J13*(2*E13)^m_)*(m_*J13*(2*E13)^(m_-1))-(J13*(2*E13)^m_)*SQRT(1+(m_*J13*(2*E13)^(m_-1))^2)-(E13))*((2*E13)*1E-6)/(((2*E13+((2*E13)*1E-6))+(J13*(2*E13+((2*E13)*1E-6))^m_)*(m_*J13*(2*E13+((2*E13)*1E-6))^(m_-1))-(J13*(2*E13+((2*E13)*1E-6))^m_)*SQRT(1+(m_*J13*(2*E13+((2*E13)*1E-6))^(m_-1))^2)-(E13))-((2*E13)+(J13*(2*E13)^m_)*(m_*J13*(2*E13)^(m_-1))-(J13*(2*E13)^m_)*SQRT(1+(m_*J13*(2*E13)^(m_-1))^2)-(E13))) | L13: =K13-((K13)+(J13*(K13)^m_)*(m_*J13*(K13)^(m_-1))-(J13*(K13)^m_)*SQRT(1+(m_*J13*(K13)^(m_-1))^2)-(E13))*((K13)*1E-6)/(((K13+((K13)*1E-6))+(J13*(K13+((K13)*1E-6))^m_)*(m_*J13*(K13+((K13)*1E-6))^(m_-1))-(J13*(K13+((K13)*1E-6))^m_)*SQRT(1+(m_*J13*(K13+((K13)*1E-6))^(m_-1))^2)-(E13))-((K13)+(J13*(K13)^m_)*(m_*J13*(K13)^(m_-1))-(J13*(K13)^m_)*SQRT(1+(m_*J13*(K13)^(m_-1))^2)-(E13))) | M13: =L13-((L13)+(J13*(L13)^m_)*(m_*J13*(L13)^(m_-1))-(J13*(L13)^m_)*SQRT(1+(m_*J13*(L13)^(m_-1))^2)-(E13))*((L13)*1E-6)/(((L13+((L13)*1E-6))+(J13*(L13+((L13)*1E-6))^m_)*(m_*J13*(L13+((L13)*1E-6))^(m_-1))-(J13*(L13+((L13)*1E-6))^m_)*SQRT(1+(m_*J13*(L13+((L13)*1E-6))^(m_-1))^2)-(E13))-((L13)+(J13*(L13)^m_)*(m_*J13*(L13)^(m_-1))-(J13*(L13)^m_)*SQRT(1+(m_*J13*(L13)^(m_-1))^2)-(E13))) | N13: =M13-((M13)+(J13*(M13)^m_)*(m_*J13*(M13)^(m_-1))-(J13*(M13)^m_)*SQRT(1+(m_*J13*(M13)^(m_-1))^2)-(E13))*((M13)*1E-6)/(((M13+((M13)*1E-6))+(J13*(M13+((M13)*1E-6))^m_)*(m_*J13*(M13+((M13)*1E-6))^(m_-1))-(J13*(M13+((M13)*1E-6))^m_)*SQRT(1+(m_*J13*(M13+((M13)*1E-6))^(m_-1))^2)-(E13))-((M13)+(J13*(M13)^m_)*(m_*J13*(M13)^(m_-1))-(J13*(M13)^m_)*SQRT(1+(m_*J13*(M13)^(m_-1))^2)-(E13))) | O13: =N13-((N13)+(J13*(N13)^m_)*(m_*J13*(N13)^(m_-1))-(J13*(N13)^m_)*SQRT(1+(m_*J13*(N13)^(m_-1))^2)-(E13))*((N13)*1E-6)/(((N13+((N13)*1E-6))+(J13*(N13+((N13)*1E-6))^m_)*(m_*J13*(N13+((N13)*1E-6))^(m_-1))-(J13*(N13+((N13)*1E-6))^m_)*SQRT(1+(m_*J13*(N13+((N13)*1E-6))^(m_-1))^2)-(E13))-((N13)+(J13*(N13)^m_)*(m_*J13*(N13)^(m_-1))-(J13*(N13)^m_)*SQRT(1+(m_*J13*(N13)^(m_-1))^2)-(E13))) | P13: =O13-((O13)+(J13*(O13)^m_)*(m_*J13*(O13)^(m_-1))-(J13*(O13)^m_)*SQRT(1+(m_*J13*(O13)^(m_-1))^2)-(E13))*((O13)*1E-6)/(((O13+((O13)*1E-6))+(J13*(O13+((O13)*1E-6))^m_)*(m_*J13*(O13+((O13)*1E-6))^(m_-1))-(J13*(O13+((O13)*1E-6))^m_)*SQRT(1+(m_*J13*(O13+((O13)*1E-6))^(m_-1))^2)-(E13))-((O13)+(J13*(O13)^m_)*(m_*J13*(O13)^(m_-1))-(J13*(O13)^m_)*SQRT(1+(m_*J13*(O13)^(m_-1))^2)-(E13))) | Q13: =P13-((P13)+(J13*(P13)^m_)*(m_*J13*(P13)^(m_-1))-(J13*(P13)^m_)*SQRT(1+(m_*J13*(P13)^(m_-1))^2)-(E13))*((P13)*1E-6)/(((P13+((P13)*1E-6))+(J13*(P13+((P13)*1E-6))^m_)*(m_*J13*(P13+((P13)*1E-6))^(m_-1))-(J13*(P13+((P13)*1E-6))^m_)*SQRT(1+(m_*J13*(P13+((P13)*1E-6))^(m_-1))^2)-(E13))-((P13)+(J13*(P13)^m_)*(m_*J13*(P13)^(m_-1))-(J13*(P13)^m_)*SQRT(1+(m_*J13*(P13)^(m_-1))^2)-(E13))) | R13: =Q13-((Q13)+(J13*(Q13)^m_)*(m_*J13*(Q13)^(m_-1))-(J13*(Q13)^m_)*SQRT(1+(m_*J13*(Q13)^(m_-1))^2)-(E13))*((Q13)*1E-6)/(((Q13+((Q13)*1E-6))+(J13*(Q13+((Q13)*1E-6))^m_)*(m_*J13*(Q13+((Q13)*1E-6))^(m_-1))-(J13*(Q13+((Q13)*1E-6))^m_)*SQRT(1+(m_*J13*(Q13+((Q13)*1E-6))^(m_-1))^2)-(E13))-((Q13)+(J13*(Q13)^m_)*(m_*J13*(Q13)^(m_-1))-(J13*(Q13)^m_)*SQRT(1+(m_*J13*(Q13)^(m_-1))^2)-(E13))) | S13: =R13-((R13)+(J13*(R13)^m_)*(m_*J13*(R13)^(m_-1))-(J13*(R13)^m_)*SQRT(1+(m_*J13*(R13)^(m_-1))^2)-(E13))*((R13)*1E-6)/(((R13+((R13)*1E-6))+(J13*(R13+((R13)*1E-6))^m_)*(m_*J13*(R13+((R13)*1E-6))^(m_-1))-(J13*(R13+((R13)*1E-6))^m_)*SQRT(1+(m_*J13*(R13+((R13)*1E-6))^(m_-1))^2)-(E13))-((R13)+(J13*(R13)^m_)*(m_*J13*(R13)^(m_-1))-(J13*(R13)^m_)*SQRT(1+(m_*J13*(R13)^(m_-1))^2)-(E13))) | T13: =S13-((S13)+(J13*(S13)^m_)*(m_*J13*(S13)^(m_-1))-(J13*(S13)^m_)*SQRT(1+(m_*J13*(S13)^(m_-1))^2)-(E13))*((S13)*1E-6)/(((S13+((S13)*1E-6))+(J13*(S13+((S13)*1E-6))^m_)*(m_*J13*(S13+((S13)*1E-6))^(m_-1))-(J13*(S13+((S13)*1E-6))^m_)*SQRT(1+(m_*J13*(S13+((S13)*1E-6))^(m_-1))^2)-(E13))-((S13)+(J13*(S13)^m_)*(m_*J13*(S13)^(m_-1))-(J13*(S13)^m_)*SQRT(1+(m_*J13*(S13)^(m_-1))^2)-(E13))) | U13: =J13*T13^m_ | V13: =m_*J13*T13^(m_-1) | W13: =U13*SQRT(1+V13^2) | X13: =2*W13 | Y13: =LN(X13)-LN(G13) | Z13: =Y13^2
... A23: I2025 | B23: Codisposal 1 (100% Intrusivo) | C23: TX | D23: 0.28958641 | E23: 1.9613 | F23: 8.6867 | G23: =F23-E23 | J23: =TAN(RADIANS(pe0-omega*D23))*sref^(1-m_) | K23: =2*E23-((2*E23)+(J23*(2*E23)^m_)*(m_*J23*(2*E23)^(m_-1))-(J23*(2*E23)^m_)*SQRT(1+(m_*J23*(2*E23)^(m_-1))^2)-(E23))*((2*E23)*1E-6)/(((2*E23+((2*E23)*1E-6))+(J23*(2*E23+((2*E23)*1E-6))^m_)*(m_*J23*(2*E23+((2*E23)*1E-6))^(m_-1))-(J23*(2*E23+((2*E23)*1E-6))^m_)*SQRT(1+(m_*J23*(2*E23+((2*E23)*1E-6))^(m_-1))^2)-(E23))-((2*E23)+(J23*(2*E23)^m_)*(m_*J23*(2*E23)^(m_-1))-(J23*(2*E23)^m_)*SQRT(1+(m_*J23*(2*E23)^(m_-1))^2)-(E23))) | L23: =K23-((K23)+(J23*(K23)^m_)*(m_*J23*(K23)^(m_-1))-(J23*(K23)^m_)*SQRT(1+(m_*J23*(K23)^(m_-1))^2)-(E23))*((K23)*1E-6)/(((K23+((K23)*1E-6))+(J23*(K23+((K23)*1E-6))^m_)*(m_*J23*(K23+((K23)*1E-6))^(m_-1))-(J23*(K23+((K23)*1E-6))^m_)*SQRT(1+(m_*J23*(K23+((K23)*1E-6))^(m_-1))^2)-(E23))-((K23)+(J23*(K23)^m_)*(m_*J23*(K23)^(m_-1))-(J23*(K23)^m_)*SQRT(1+(m_*J23*(K23)^(m_-1))^2)-(E23))) | M23: =L23-((L23)+(J23*(L23)^m_)*(m_*J23*(L23)^(m_-1))-(J23*(L23)^m_)*SQRT(1+(m_*J23*(L23)^(m_-1))^2)-(E23))*((L23)*1E-6)/(((L23+((L23)*1E-6))+(J23*(L23+((L23)*1E-6))^m_)*(m_*J23*(L23+((L23)*1E-6))^(m_-1))-(J23*(L23+((L23)*1E-6))^m_)*SQRT(1+(m_*J23*(L23+((L23)*1E-6))^(m_-1))^2)-(E23))-((L23)+(J23*(L23)^m_)*(m_*J23*(L23)^(m_-1))-(J23*(L23)^m_)*SQRT(1+(m_*J23*(L23)^(m_-1))^2)-(E23))) | N23: =M23-((M23)+(J23*(M23)^m_)*(m_*J23*(M23)^(m_-1))-(J23*(M23)^m_)*SQRT(1+(m_*J23*(M23)^(m_-1))^2)-(E23))*((M23)*1E-6)/(((M23+((M23)*1E-6))+(J23*(M23+((M23)*1E-6))^m_)*(m_*J23*(M23+((M23)*1E-6))^(m_-1))-(J23*(M23+((M23)*1E-6))^m_)*SQRT(1+(m_*J23*(M23+((M23)*1E-6))^(m_-1))^2)-(E23))-((M23)+(J23*(M23)^m_)*(m_*J23*(M23)^(m_-1))-(J23*(M23)^m_)*SQRT(1+(m_*J23*(M23)^(m_-1))^2)-(E23))) | O23: =N23-((N23)+(J23*(N23)^m_)*(m_*J23*(N23)^(m_-1))-(J23*(N23)^m_)*SQRT(1+(m_*J23*(N23)^(m_-1))^2)-(E23))*((N23)*1E-6)/(((N23+((N23)*1E-6))+(J23*(N23+((N23)*1E-6))^m_)*(m_*J23*(N23+((N23)*1E-6))^(m_-1))-(J23*(N23+((N23)*1E-6))^m_)*SQRT(1+(m_*J23*(N23+((N23)*1E-6))^(m_-1))^2)-(E23))-((N23)+(J23*(N23)^m_)*(m_*J23*(N23)^(m_-1))-(J23*(N23)^m_)*SQRT(1+(m_*J23*(N23)^(m_-1))^2)-(E23))) | P23: =O23-((O23)+(J23*(O23)^m_)*(m_*J23*(O23)^(m_-1))-(J23*(O23)^m_)*SQRT(1+(m_*J23*(O23)^(m_-1))^2)-(E23))*((O23)*1E-6)/(((O23+((O23)*1E-6))+(J23*(O23+((O23)*1E-6))^m_)*(m_*J23*(O23+((O23)*1E-6))^(m_-1))-(J23*(O23+((O23)*1E-6))^m_)*SQRT(1+(m_*J23*(O23+((O23)*1E-6))^(m_-1))^2)-(E23))-((O23)+(J23*(O23)^m_)*(m_*J23*(O23)^(m_-1))-(J23*(O23)^m_)*SQRT(1+(m_*J23*(O23)^(m_-1))^2)-(E23))) | Q23: =P23-((P23)+(J23*(P23)^m_)*(m_*J23*(P23)^(m_-1))-(J23*(P23)^m_)*SQRT(1+(m_*J23*(P23)^(m_-1))^2)-(E23))*((P23)*1E-6)/(((P23+((P23)*1E-6))+(J23*(P23+((P23)*1E-6))^m_)*(m_*J23*(P23+((P23)*1E-6))^(m_-1))-(J23*(P23+((P23)*1E-6))^m_)*SQRT(1+(m_*J23*(P23+((P23)*1E-6))^(m_-1))^2)-(E23))-((P23)+(J23*(P23)^m_)*(m_*J23*(P23)^(m_-1))-(J23*(P23)^m_)*SQRT(1+(m_*J23*(P23)^(m_-1))^2)-(E23))) | R23: =Q23-((Q23)+(J23*(Q23)^m_)*(m_*J23*(Q23)^(m_-1))-(J23*(Q23)^m_)*SQRT(1+(m_*J23*(Q23)^(m_-1))^2)-(E23))*((Q23)*1E-6)/(((Q23+((Q23)*1E-6))+(J23*(Q23+((Q23)*1E-6))^m_)*(m_*J23*(Q23+((Q23)*1E-6))^(m_-1))-(J23*(Q23+((Q23)*1E-6))^m_)*SQRT(1+(m_*J23*(Q23+((Q23)*1E-6))^(m_-1))^2)-(E23))-((Q23)+(J23*(Q23)^m_)*(m_*J23*(Q23)^(m_-1))-(J23*(Q23)^m_)*SQRT(1+(m_*J23*(Q23)^(m_-1))^2)-(E23))) | S23: =R23-((R23)+(J23*(R23)^m_)*(m_*J23*(R23)^(m_-1))-(J23*(R23)^m_)*SQRT(1+(m_*J23*(R23)^(m_-1))^2)-(E23))*((R23)*1E-6)/(((R23+((R23)*1E-6))+(J23*(R23+((R23)*1E-6))^m_)*(m_*J23*(R23+((R23)*1E-6))^(m_-1))-(J23*(R23+((R23)*1E-6))^m_)*SQRT(1+(m_*J23*(R23+((R23)*1E-6))^(m_-1))^2)-(E23))-((R23)+(J23*(R23)^m_)*(m_*J23*(R23)^(m_-1))-(J23*(R23)^m_)*SQRT(1+(m_*J23*(R23)^(m_-1))^2)-(E23))) | T23: =S23-((S23)+(J23*(S23)^m_)*(m_*J23*(S23)^(m_-1))-(J23*(S23)^m_)*SQRT(1+(m_*J23*(S23)^(m_-1))^2)-(E23))*((S23)*1E-6)/(((S23+((S23)*1E-6))+(J23*(S23+((S23)*1E-6))^m_)*(m_*J23*(S23+((S23)*1E-6))^(m_-1))-(J23*(S23+((S23)*1E-6))^m_)*SQRT(1+(m_*J23*(S23+((S23)*1E-6))^(m_-1))^2)-(E23))-((S23)+(J23*(S23)^m_)*(m_*J23*(S23)^(m_-1))-(J23*(S23)^m_)*SQRT(1+(m_*J23*(S23)^(m_-1))^2)-(E23))) | U23: =J23*T23^m_ | V23: =m_*J23*T23^(m_-1) | W23: =U23*SQRT(1+V23^2) | X23: =2*W23 | Y23: =LN(X23)-LN(G23) | Z23: =Y23^2
A24: A2024DS | B24: Ruma 02 | C24: DS | D24: 0.33166667 | H24: 0.3 | I24: 0.2557 | J24: =TAN(RADIANS(pe0-omega*D24))*sref^(1-m_) | U24: =J24*H24^m_ | Y24: =c_ds*(LN(U24)-LN(I24)) | Z24: =Y24^2
A25: A2024DS | B25: Ruma 02 | C25: DS | D25: 0.33166667 | H25: 0.6 | I25: 0.4761 | J25: =TAN(RADIANS(pe0-omega*D25))*sref^(1-m_) | U25: =J25*H25^m_ | Y25: =c_ds*(LN(U25)-LN(I25)) | Z25: =Y25^2
A26: A2024DS | B26: Ruma 02 | C26: DS | D26: 0.33166667 | H26: 1.2 | I26: 0.9981 | J26: =TAN(RADIANS(pe0-omega*D26))*sref^(1-m_) | U26: =J26*H26^m_ | Y26: =c_ds*(LN(U26)-LN(I26)) | Z26: =Y26^2
A27: A2024DS | B27: Ruma 03 / Fase 10 A | C27: DS | D27: 0.40968246 | H27: 0.3 | I27: 0.2281 | J27: =TAN(RADIANS(pe0-omega*D27))*sref^(1-m_) | U27: =J27*H27^m_ | Y27: =c_ds*(LN(U27)-LN(I27)) | Z27: =Y27^2
A28: A2024DS | B28: Ruma 03 / Fase 10 A | C28: DS | D28: 0.40968246 | H28: 0.6 | I28: 0.4681 | J28: =TAN(RADIANS(pe0-omega*D28))*sref^(1-m_) | U28: =J28*H28^m_ | Y28: =c_ds*(LN(U28)-LN(I28)) | Z28: =Y28^2
A29: A2024DS | B29: Ruma 03 / Fase 10 A | C29: DS | D29: 0.40968246 | H29: 1.2 | I29: 0.9451 | J29: =TAN(RADIANS(pe0-omega*D29))*sref^(1-m_) | U29: =J29*H29^m_ | Y29: =c_ds*(LN(U29)-LN(I29)) | Z29: =Y29^2
A30: A2024DS | B30: Ruma 01 | C30: DS | D30: 0.26202474 | H30: 0.3 | I30: 0.2195 | J30: =TAN(RADIANS(pe0-omega*D30))*sref^(1-m_) | U30: =J30*H30^m_ | Y30: =c_ds*(LN(U30)-LN(I30)) | Z30: =Y30^2
A31: A2024DS | B31: Ruma 01 | C31: DS | D31: 0.26202474 | H31: 0.6 | I31: 0.4695 | J31: =TAN(RADIANS(pe0-omega*D31))*sref^(1-m_) | U31: =J31*H31^m_ | Y31: =c_ds*(LN(U31)-LN(I31)) | Z31: =Y31^2
A32: A2024DS | B32: Ruma 01 | C32: DS | D32: 0.26202474 | H32: 1.2 | I32: 0.9843 | J32: =TAN(RADIANS(pe0-omega*D32))*sref^(1-m_) | U32: =J32*H32^m_ | Y32: =c_ds*(LN(U32)-LN(I32)) | Z32: =Y32^2
A33: A2024DS | B33: Pila 01 (Mármol + Hornfels) | C33: DS | D33: 0.32557307 | H33: 0.3 | I33: 0.3563 | J33: =TAN(RADIANS(pe0-omega*D33))*sref^(1-m_) | U33: =J33*H33^m_ | Y33: =c_ds*(LN(U33)-LN(I33)) | Z33: =Y33^2
A34: A2024DS | B34: Pila 01 (Mármol + Hornfels) | C34: DS | D34: 0.32557307 | H34: 0.6 | I34: 0.6253 | J34: =TAN(RADIANS(pe0-omega*D34))*sref^(1-m_) | U34: =J34*H34^m_ | Y34: =c_ds*(LN(U34)-LN(I34)) | Z34: =Y34^2
A35: A2024DS | B35: Pila 01 (Mármol + Hornfels) | C35: DS | D35: 0.32557307 | H35: 1 | I35: 0.9473 | J35: =TAN(RADIANS(pe0-omega*D35))*sref^(1-m_) | U35: =J35*H35^m_ | Y35: =c_ds*(LN(U35)-LN(I35)) | Z35: =Y35^2
... A38: A2024DS | B38: Pila 02 (Intrusivo) | C38: DS | D38: 0.47897324 | H38: 1.2 | I38: 1.0192 | J38: =TAN(RADIANS(pe0-omega*D38))*sref^(1-m_) | U38: =J38*H38^m_ | Y38: =c_ds*(LN(U38)-LN(I38)) | Z38: =Y38^2
Y40: SSE | Z40: =SUM(Z2:Z38)
A41: Control: ajuste global por mínimos cuadrados (Solver: minimizar Z40 cambiando Parametros!$B$2). La curva propuesta no usa este estimador sino la media por set (hoja phi1_vs_e, a33).
A42: Tangencia: σ′3 = σ′n + τ·tan φ′t − τ·√(1 + tan² φ′t) (círculo de Mohr tangente a la curva), resuelta con 10 pasos de Newton; q = 2R, R = τ·√(1 + tan² φ′t).

Sheet FLAC_tangente
A1: σ′3 (MPa) | B1: σ′n tangencia (MPa) | C1: τ (MPa) | D1: φ′t (°) | E1: c′t (kPa) | F1: σ′1 − σ′3 (MPa) | G1: a | H1: Newton 1 | I1: Newton 2 | J1: Newton 3 | K1: Newton 4 | L1: Newton 5 | M1: Newton 6 | N1: Newton 7 | O1: Newton 8 | P1: Newton 9 | Q1: Newton 10
A2: 0.1 | B2: =Q2 | C2: =TAN(RADIANS(pe0-omega*e_base))*sref^(1-m_)*B2^m_ | D2: =DEGREES(ATAN(m_*C2/B2)) | E2: =(1-m_)*C2*1000 | F2: =2*C2/COS(RADIANS(D2)) | G2: =TAN(RADIANS(pe0-omega*e_base))*sref^(1-m_) | H2: =2*A2-((2*A2)+(G2*(2*A2)^m_)*(m_*G2*(2*A2)^(m_-1))-(G2*(2*A2)^m_)*SQRT(1+(m_*G2*(2*A2)^(m_-1))^2)-(A2))*((2*A2)*1E-6)/(((2*A2+((2*A2)*1E-6))+(G2*(2*A2+((2*A2)*1E-6))^m_)*(m_*G2*(2*A2+((2*A2)*1E-6))^(m_-1))-(G2*(2*A2+((2*A2)*1E-6))^m_)*SQRT(1+(m_*G2*(2*A2+((2*A2)*1E-6))^(m_-1))^2)-(A2))-((2*A2)+(G2*(2*A2)^m_)*(m_*G2*(2*A2)^(m_-1))-(G2*(2*A2)^m_)*SQRT(1+(m_*G2*(2*A2)^(m_-1))^2)-(A2))) | I2: =H2-((H2)+(G2*(H2)^m_)*(m_*G2*(H2)^(m_-1))-(G2*(H2)^m_)*SQRT(1+(m_*G2*(H2)^(m_-1))^2)-(A2))*((H2)*1E-6)/(((H2+((H2)*1E-6))+(G2*(H2+((H2)*1E-6))^m_)*(m_*G2*(H2+((H2)*1E-6))^(m_-1))-(G2*(H2+((H2)*1E-6))^m_)*SQRT(1+(m_*G2*(H2+((H2)*1E-6))^(m_-1))^2)-(A2))-((H2)+(G2*(H2)^m_)*(m_*G2*(H2)^(m_-1))-(G2*(H2)^m_)*SQRT(1+(m_*G2*(H2)^(m_-1))^2)-(A2))) | J2: =I2-((I2)+(G2*(I2)^m_)*(m_*G2*(I2)^(m_-1))-(G2*(I2)^m_)*SQRT(1+(m_*G2*(I2)^(m_-1))^2)-(A2))*((I2)*1E-6)/(((I2+((I2)*1E-6))+(G2*(I2+((I2)*1E-6))^m_)*(m_*G2*(I2+((I2)*1E-6))^(m_-1))-(G2*(I2+((I2)*1E-6))^m_)*SQRT(1+(m_*G2*(I2+((I2)*1E-6))^(m_-1))^2)-(A2))-((I2)+(G2*(I2)^m_)*(m_*G2*(I2)^(m_-1))-(G2*(I2)^m_)*SQRT(1+(m_*G2*(I2)^(m_-1))^2)-(A2))) | K2: =J2-((J2)+(G2*(J2)^m_)*(m_*G2*(J2)^(m_-1))-(G2*(J2)^m_)*SQRT(1+(m_*G2*(J2)^(m_-1))^2)-(A2))*((J2)*1E-6)/(((J2+((J2)*1E-6))+(G2*(J2+((J2)*1E-6))^m_)*(m_*G2*(J2+((J2)*1E-6))^(m_-1))-(G2*(J2+((J2)*1E-6))^m_)*SQRT(1+(m_*G2*(J2+((J2)*1E-6))^(m_-1))^2)-(A2))-((J2)+(G2*(J2)^m_)*(m_*G2*(J2)^(m_-1))-(G2*(J2)^m_)*SQRT(1+(m_*G2*(J2)^(m_-1))^2)-(A2))) | L2: =K2-((K2)+(G2*(K2)^m_)*(m_*G2*(K2)^(m_-1))-(G2*(K2)^m_)*SQRT(1+(m_*G2*(K2)^(m_-1))^2)-(A2))*((K2)*1E-6)/(((K2+((K2)*1E-6))+(G2*(K2+((K2)*1E-6))^m_)*(m_*G2*(K2+((K2)*1E-6))^(m_-1))-(G2*(K2+((K2)*1E-6))^m_)*SQRT(1+(m_*G2*(K2+((K2)*1E-6))^(m_-1))^2)-(A2))-((K2)+(G2*(K2)^m_)*(m_*G2*(K2)^(m_-1))-(G2*(K2)^m_)*SQRT(1+(m_*G2*(K2)^(m_-1))^2)-(A2))) | M2: =L2-((L2)+(G2*(L2)^m_)*(m_*G2*(L2)^(m_-1))-(G2*(L2)^m_)*SQRT(1+(m_*G2*(L2)^(m_-1))^2)-(A2))*((L2)*1E-6)/(((L2+((L2)*1E-6))+(G2*(L2+((L2)*1E-6))^m_)*(m_*G2*(L2+((L2)*1E-6))^(m_-1))-(G2*(L2+((L2)*1E-6))^m_)*SQRT(1+(m_*G2*(L2+((L2)*1E-6))^(m_-1))^2)-(A2))-((L2)+(G2*(L2)^m_)*(m_*G2*(L2)^(m_-1))-(G2*(L2)^m_)*SQRT(1+(m_*G2*(L2)^(m_-1))^2)-(A2))) | N2: =M2-((M2)+(G2*(M2)^m_)*(m_*G2*(M2)^(m_-1))-(G2*(M2)^m_)*SQRT(1+(m_*G2*(M2)^(m_-1))^2)-(A2))*((M2)*1E-6)/(((M2+((M2)*1E-6))+(G2*(M2+((M2)*1E-6))^m_)*(m_*G2*(M2+((M2)*1E-6))^(m_-1))-(G2*(M2+((M2)*1E-6))^m_)*SQRT(1+(m_*G2*(M2+((M2)*1E-6))^(m_-1))^2)-(A2))-((M2)+(G2*(M2)^m_)*(m_*G2*(M2)^(m_-1))-(G2*(M2)^m_)*SQRT(1+(m_*G2*(M2)^(m_-1))^2)-(A2))) | O2: =N2-((N2)+(G2*(N2)^m_)*(m_*G2*(N2)^(m_-1))-(G2*(N2)^m_)*SQRT(1+(m_*G2*(N2)^(m_-1))^2)-(A2))*((N2)*1E-6)/(((N2+((N2)*1E-6))+(G2*(N2+((N2)*1E-6))^m_)*(m_*G2*(N2+((N2)*1E-6))^(m_-1))-(G2*(N2+((N2)*1E-6))^m_)*SQRT(1+(m_*G2*(N2+((N2)*1E-6))^(m_-1))^2)-(A2))-((N2)+(G2*(N2)^m_)*(m_*G2*(N2)^(m_-1))-(G2*(N2)^m_)*SQRT(1+(m_*G2*(N2)^(m_-1))^2)-(A2))) | P2: =O2-((O2)+(G2*(O2)^m_)*(m_*G2*(O2)^(m_-1))-(G2*(O2)^m_)*SQRT(1+(m_*G2*(O2)^(m_-1))^2)-(A2))*((O2)*1E-6)/(((O2+((O2)*1E-6))+(G2*(O2+((O2)*1E-6))^m_)*(m_*G2*(O2+((O2)*1E-6))^(m_-1))-(G2*(O2+((O2)*1E-6))^m_)*SQRT(1+(m_*G2*(O2+((O2)*1E-6))^(m_-1))^2)-(A2))-((O2)+(G2*(O2)^m_)*(m_*G2*(O2)^(m_-1))-(G2*(O2)^m_)*SQRT(1+(m_*G2*(O2)^(m_-1))^2)-(A2))) | Q2: =P2-((P2)+(G2*(P2)^m_)*(m_*G2*(P2)^(m_-1))-(G2*(P2)^m_)*SQRT(1+(m_*G2*(P2)^(m_-1))^2)-(A2))*((P2)*1E-6)/(((P2+((P2)*1E-6))+(G2*(P2+((P2)*1E-6))^m_)*(m_*G2*(P2+((P2)*1E-6))^(m_-1))-(G2*(P2+((P2)*1E-6))^m_)*SQRT(1+(m_*G2*(P2+((P2)*1E-6))^(m_-1))^2)-(A2))-((P2)+(G2*(P2)^m_)*(m_*G2*(P2)^(m_-1))-(G2*(P2)^m_)*SQRT(1+(m_*G2*(P2)^(m_-1))^2)-(A2)))
A3: 0.5 | B3: =Q3 | C3: =TAN(RADIANS(pe0-omega*e_base))*sref^(1-m_)*B3^m_ | D3: =DEGREES(ATAN(m_*C3/B3)) | E3: =(1-m_)*C3*1000 | F3: =2*C3/COS(RADIANS(D3)) | G3: =TAN(RADIANS(pe0-omega*e_base))*sref^(1-m_) | H3: =2*A3-((2*A3)+(G3*(2*A3)^m_)*(m_*G3*(2*A3)^(m_-1))-(G3*(2*A3)^m_)*SQRT(1+(m_*G3*(2*A3)^(m_-1))^2)-(A3))*((2*A3)*1E-6)/(((2*A3+((2*A3)*1E-6))+(G3*(2*A3+((2*A3)*1E-6))^m_)*(m_*G3*(2*A3+((2*A3)*1E-6))^(m_-1))-(G3*(2*A3+((2*A3)*1E-6))^m_)*SQRT(1+(m_*G3*(2*A3+((2*A3)*1E-6))^(m_-1))^2)-(A3))-((2*A3)+(G3*(2*A3)^m_)*(m_*G3*(2*A3)^(m_-1))-(G3*(2*A3)^m_)*SQRT(1+(m_*G3*(2*A3)^(m_-1))^2)-(A3))) | I3: =H3-((H3)+(G3*(H3)^m_)*(m_*G3*(H3)^(m_-1))-(G3*(H3)^m_)*SQRT(1+(m_*G3*(H3)^(m_-1))^2)-(A3))*((H3)*1E-6)/(((H3+((H3)*1E-6))+(G3*(H3+((H3)*1E-6))^m_)*(m_*G3*(H3+((H3)*1E-6))^(m_-1))-(G3*(H3+((H3)*1E-6))^m_)*SQRT(1+(m_*G3*(H3+((H3)*1E-6))^(m_-1))^2)-(A3))-((H3)+(G3*(H3)^m_)*(m_*G3*(H3)^(m_-1))-(G3*(H3)^m_)*SQRT(1+(m_*G3*(H3)^(m_-1))^2)-(A3))) | J3: =I3-((I3)+(G3*(I3)^m_)*(m_*G3*(I3)^(m_-1))-(G3*(I3)^m_)*SQRT(1+(m_*G3*(I3)^(m_-1))^2)-(A3))*((I3)*1E-6)/(((I3+((I3)*1E-6))+(G3*(I3+((I3)*1E-6))^m_)*(m_*G3*(I3+((I3)*1E-6))^(m_-1))-(G3*(I3+((I3)*1E-6))^m_)*SQRT(1+(m_*G3*(I3+((I3)*1E-6))^(m_-1))^2)-(A3))-((I3)+(G3*(I3)^m_)*(m_*G3*(I3)^(m_-1))-(G3*(I3)^m_)*SQRT(1+(m_*G3*(I3)^(m_-1))^2)-(A3))) | K3: =J3-((J3)+(G3*(J3)^m_)*(m_*G3*(J3)^(m_-1))-(G3*(J3)^m_)*SQRT(1+(m_*G3*(J3)^(m_-1))^2)-(A3))*((J3)*1E-6)/(((J3+((J3)*1E-6))+(G3*(J3+((J3)*1E-6))^m_)*(m_*G3*(J3+((J3)*1E-6))^(m_-1))-(G3*(J3+((J3)*1E-6))^m_)*SQRT(1+(m_*G3*(J3+((J3)*1E-6))^(m_-1))^2)-(A3))-((J3)+(G3*(J3)^m_)*(m_*G3*(J3)^(m_-1))-(G3*(J3)^m_)*SQRT(1+(m_*G3*(J3)^(m_-1))^2)-(A3))) | L3: =K3-((K3)+(G3*(K3)^m_)*(m_*G3*(K3)^(m_-1))-(G3*(K3)^m_)*SQRT(1+(m_*G3*(K3)^(m_-1))^2)-(A3))*((K3)*1E-6)/(((K3+((K3)*1E-6))+(G3*(K3+((K3)*1E-6))^m_)*(m_*G3*(K3+((K3)*1E-6))^(m_-1))-(G3*(K3+((K3)*1E-6))^m_)*SQRT(1+(m_*G3*(K3+((K3)*1E-6))^(m_-1))^2)-(A3))-((K3)+(G3*(K3)^m_)*(m_*G3*(K3)^(m_-1))-(G3*(K3)^m_)*SQRT(1+(m_*G3*(K3)^(m_-1))^2)-(A3))) | M3: =L3-((L3)+(G3*(L3)^m_)*(m_*G3*(L3)^(m_-1))-(G3*(L3)^m_)*SQRT(1+(m_*G3*(L3)^(m_-1))^2)-(A3))*((L3)*1E-6)/(((L3+((L3)*1E-6))+(G3*(L3+((L3)*1E-6))^m_)*(m_*G3*(L3+((L3)*1E-6))^(m_-1))-(G3*(L3+((L3)*1E-6))^m_)*SQRT(1+(m_*G3*(L3+((L3)*1E-6))^(m_-1))^2)-(A3))-((L3)+(G3*(L3)^m_)*(m_*G3*(L3)^(m_-1))-(G3*(L3)^m_)*SQRT(1+(m_*G3*(L3)^(m_-1))^2)-(A3))) | N3: =M3-((M3)+(G3*(M3)^m_)*(m_*G3*(M3)^(m_-1))-(G3*(M3)^m_)*SQRT(1+(m_*G3*(M3)^(m_-1))^2)-(A3))*((M3)*1E-6)/(((M3+((M3)*1E-6))+(G3*(M3+((M3)*1E-6))^m_)*(m_*G3*(M3+((M3)*1E-6))^(m_-1))-(G3*(M3+((M3)*1E-6))^m_)*SQRT(1+(m_*G3*(M3+((M3)*1E-6))^(m_-1))^2)-(A3))-((M3)+(G3*(M3)^m_)*(m_*G3*(M3)^(m_-1))-(G3*(M3)^m_)*SQRT(1+(m_*G3*(M3)^(m_-1))^2)-(A3))) | O3: =N3-((N3)+(G3*(N3)^m_)*(m_*G3*(N3)^(m_-1))-(G3*(N3)^m_)*SQRT(1+(m_*G3*(N3)^(m_-1))^2)-(A3))*((N3)*1E-6)/(((N3+((N3)*1E-6))+(G3*(N3+((N3)*1E-6))^m_)*(m_*G3*(N3+((N3)*1E-6))^(m_-1))-(G3*(N3+((N3)*1E-6))^m_)*SQRT(1+(m_*G3*(N3+((N3)*1E-6))^(m_-1))^2)-(A3))-((N3)+(G3*(N3)^m_)*(m_*G3*(N3)^(m_-1))-(G3*(N3)^m_)*SQRT(1+(m_*G3*(N3)^(m_-1))^2)-(A3))) | P3: =O3-((O3)+(G3*(O3)^m_)*(m_*G3*(O3)^(m_-1))-(G3*(O3)^m_)*SQRT(1+(m_*G3*(O3)^(m_-1))^2)-(A3))*((O3)*1E-6)/(((O3+((O3)*1E-6))+(G3*(O3+((O3)*1E-6))^m_)*(m_*G3*(O3+((O3)*1E-6))^(m_-1))-(G3*(O3+((O3)*1E-6))^m_)*SQRT(1+(m_*G3*(O3+((O3)*1E-6))^(m_-1))^2)-(A3))-((O3)+(G3*(O3)^m_)*(m_*G3*(O3)^(m_-1))-(G3*(O3)^m_)*SQRT(1+(m_*G3*(O3)^(m_-1))^2)-(A3))) | Q3: =P3-((P3)+(G3*(P3)^m_)*(m_*G3*(P3)^(m_-1))-(G3*(P3)^m_)*SQRT(1+(m_*G3*(P3)^(m_-1))^2)-(A3))*((P3)*1E-6)/(((P3+((P3)*1E-6))+(G3*(P3+((P3)*1E-6))^m_)*(m_*G3*(P3+((P3)*1E-6))^(m_-1))-(G3*(P3+((P3)*1E-6))^m_)*SQRT(1+(m_*G3*(P3+((P3)*1E-6))^(m_-1))^2)-(A3))-((P3)+(G3*(P3)^m_)*(m_*G3*(P3)^(m_-1))-(G3*(P3)^m_)*SQRT(1+(m_*G3*(P3)^(m_-1))^2)-(A3)))
A4: 1 | B4: =Q4 | C4: =TAN(RADIANS(pe0-omega*e_base))*sref^(1-m_)*B4^m_ | D4: =DEGREES(ATAN(m_*C4/B4)) | E4: =(1-m_)*C4*1000 | F4: =2*C4/COS(RADIANS(D4)) | G4: =TAN(RADIANS(pe0-omega*e_base))*sref^(1-m_) | H4: =2*A4-((2*A4)+(G4*(2*A4)^m_)*(m_*G4*(2*A4)^(m_-1))-(G4*(2*A4)^m_)*SQRT(1+(m_*G4*(2*A4)^(m_-1))^2)-(A4))*((2*A4)*1E-6)/(((2*A4+((2*A4)*1E-6))+(G4*(2*A4+((2*A4)*1E-6))^m_)*(m_*G4*(2*A4+((2*A4)*1E-6))^(m_-1))-(G4*(2*A4+((2*A4)*1E-6))^m_)*SQRT(1+(m_*G4*(2*A4+((2*A4)*1E-6))^(m_-1))^2)-(A4))-((2*A4)+(G4*(2*A4)^m_)*(m_*G4*(2*A4)^(m_-1))-(G4*(2*A4)^m_)*SQRT(1+(m_*G4*(2*A4)^(m_-1))^2)-(A4))) | I4: =H4-((H4)+(G4*(H4)^m_)*(m_*G4*(H4)^(m_-1))-(G4*(H4)^m_)*SQRT(1+(m_*G4*(H4)^(m_-1))^2)-(A4))*((H4)*1E-6)/(((H4+((H4)*1E-6))+(G4*(H4+((H4)*1E-6))^m_)*(m_*G4*(H4+((H4)*1E-6))^(m_-1))-(G4*(H4+((H4)*1E-6))^m_)*SQRT(1+(m_*G4*(H4+((H4)*1E-6))^(m_-1))^2)-(A4))-((H4)+(G4*(H4)^m_)*(m_*G4*(H4)^(m_-1))-(G4*(H4)^m_)*SQRT(1+(m_*G4*(H4)^(m_-1))^2)-(A4))) | J4: =I4-((I4)+(G4*(I4)^m_)*(m_*G4*(I4)^(m_-1))-(G4*(I4)^m_)*SQRT(1+(m_*G4*(I4)^(m_-1))^2)-(A4))*((I4)*1E-6)/(((I4+((I4)*1E-6))+(G4*(I4+((I4)*1E-6))^m_)*(m_*G4*(I4+((I4)*1E-6))^(m_-1))-(G4*(I4+((I4)*1E-6))^m_)*SQRT(1+(m_*G4*(I4+((I4)*1E-6))^(m_-1))^2)-(A4))-((I4)+(G4*(I4)^m_)*(m_*G4*(I4)^(m_-1))-(G4*(I4)^m_)*SQRT(1+(m_*G4*(I4)^(m_-1))^2)-(A4))) | K4: =J4-((J4)+(G4*(J4)^m_)*(m_*G4*(J4)^(m_-1))-(G4*(J4)^m_)*SQRT(1+(m_*G4*(J4)^(m_-1))^2)-(A4))*((J4)*1E-6)/(((J4+((J4)*1E-6))+(G4*(J4+((J4)*1E-6))^m_)*(m_*G4*(J4+((J4)*1E-6))^(m_-1))-(G4*(J4+((J4)*1E-6))^m_)*SQRT(1+(m_*G4*(J4+((J4)*1E-6))^(m_-1))^2)-(A4))-((J4)+(G4*(J4)^m_)*(m_*G4*(J4)^(m_-1))-(G4*(J4)^m_)*SQRT(1+(m_*G4*(J4)^(m_-1))^2)-(A4))) | L4: =K4-((K4)+(G4*(K4)^m_)*(m_*G4*(K4)^(m_-1))-(G4*(K4)^m_)*SQRT(1+(m_*G4*(K4)^(m_-1))^2)-(A4))*((K4)*1E-6)/(((K4+((K4)*1E-6))+(G4*(K4+((K4)*1E-6))^m_)*(m_*G4*(K4+((K4)*1E-6))^(m_-1))-(G4*(K4+((K4)*1E-6))^m_)*SQRT(1+(m_*G4*(K4+((K4)*1E-6))^(m_-1))^2)-(A4))-((K4)+(G4*(K4)^m_)*(m_*G4*(K4)^(m_-1))-(G4*(K4)^m_)*SQRT(1+(m_*G4*(K4)^(m_-1))^2)-(A4))) | M4: =L4-((L4)+(G4*(L4)^m_)*(m_*G4*(L4)^(m_-1))-(G4*(L4)^m_)*SQRT(1+(m_*G4*(L4)^(m_-1))^2)-(A4))*((L4)*1E-6)/(((L4+((L4)*1E-6))+(G4*(L4+((L4)*1E-6))^m_)*(m_*G4*(L4+((L4)*1E-6))^(m_-1))-(G4*(L4+((L4)*1E-6))^m_)*SQRT(1+(m_*G4*(L4+((L4)*1E-6))^(m_-1))^2)-(A4))-((L4)+(G4*(L4)^m_)*(m_*G4*(L4)^(m_-1))-(G4*(L4)^m_)*SQRT(1+(m_*G4*(L4)^(m_-1))^2)-(A4))) | N4: =M4-((M4)+(G4*(M4)^m_)*(m_*G4*(M4)^(m_-1))-(G4*(M4)^m_)*SQRT(1+(m_*G4*(M4)^(m_-1))^2)-(A4))*((M4)*1E-6)/(((M4+((M4)*1E-6))+(G4*(M4+((M4)*1E-6))^m_)*(m_*G4*(M4+((M4)*1E-6))^(m_-1))-(G4*(M4+((M4)*1E-6))^m_)*SQRT(1+(m_*G4*(M4+((M4)*1E-6))^(m_-1))^2)-(A4))-((M4)+(G4*(M4)^m_)*(m_*G4*(M4)^(m_-1))-(G4*(M4)^m_)*SQRT(1+(m_*G4*(M4)^(m_-1))^2)-(A4))) | O4: =N4-((N4)+(G4*(N4)^m_)*(m_*G4*(N4)^(m_-1))-(G4*(N4)^m_)*SQRT(1+(m_*G4*(N4)^(m_-1))^2)-(A4))*((N4)*1E-6)/(((N4+((N4)*1E-6))+(G4*(N4+((N4)*1E-6))^m_)*(m_*G4*(N4+((N4)*1E-6))^(m_-1))-(G4*(N4+((N4)*1E-6))^m_)*SQRT(1+(m_*G4*(N4+((N4)*1E-6))^(m_-1))^2)-(A4))-((N4)+(G4*(N4)^m_)*(m_*G4*(N4)^(m_-1))-(G4*(N4)^m_)*SQRT(1+(m_*G4*(N4)^(m_-1))^2)-(A4))) | P4: =O4-((O4)+(G4*(O4)^m_)*(m_*G4*(O4)^(m_-1))-(G4*(O4)^m_)*SQRT(1+(m_*G4*(O4)^(m_-1))^2)-(A4))*((O4)*1E-6)/(((O4+((O4)*1E-6))+(G4*(O4+((O4)*1E-6))^m_)*(m_*G4*(O4+((O4)*1E-6))^(m_-1))-(G4*(O4+((O4)*1E-6))^m_)*SQRT(1+(m_*G4*(O4+((O4)*1E-6))^(m_-1))^2)-(A4))-((O4)+(G4*(O4)^m_)*(m_*G4*(O4)^(m_-1))-(G4*(O4)^m_)*SQRT(1+(m_*G4*(O4)^(m_-1))^2)-(A4))) | Q4: =P4-((P4)+(G4*(P4)^m_)*(m_*G4*(P4)^(m_-1))-(G4*(P4)^m_)*SQRT(1+(m_*G4*(P4)^(m_-1))^2)-(A4))*((P4)*1E-6)/(((P4+((P4)*1E-6))+(G4*(P4+((P4)*1E-6))^m_)*(m_*G4*(P4+((P4)*1E-6))^(m_-1))-(G4*(P4+((P4)*1E-6))^m_)*SQRT(1+(m_*G4*(P4+((P4)*1E-6))^(m_-1))^2)-(A4))-((P4)+(G4*(P4)^m_)*(m_*G4*(P4)^(m_-1))-(G4*(P4)^m_)*SQRT(1+(m_*G4*(P4)^(m_-1))^2)-(A4)))
A5: 2 | B5: =Q5 | C5: =TAN(RADIANS(pe0-omega*e_base))*sref^(1-m_)*B5^m_ | D5: =DEGREES(ATAN(m_*C5/B5)) | E5: =(1-m_)*C5*1000 | F5: =2*C5/COS(RADIANS(D5)) | G5: =TAN(RADIANS(pe0-omega*e_base))*sref^(1-m_) | H5: =2*A5-((2*A5)+(G5*(2*A5)^m_)*(m_*G5*(2*A5)^(m_-1))-(G5*(2*A5)^m_)*SQRT(1+(m_*G5*(2*A5)^(m_-1))^2)-(A5))*((2*A5)*1E-6)/(((2*A5+((2*A5)*1E-6))+(G5*(2*A5+((2*A5)*1E-6))^m_)*(m_*G5*(2*A5+((2*A5)*1E-6))^(m_-1))-(G5*(2*A5+((2*A5)*1E-6))^m_)*SQRT(1+(m_*G5*(2*A5+((2*A5)*1E-6))^(m_-1))^2)-(A5))-((2*A5)+(G5*(2*A5)^m_)*(m_*G5*(2*A5)^(m_-1))-(G5*(2*A5)^m_)*SQRT(1+(m_*G5*(2*A5)^(m_-1))^2)-(A5))) | I5: =H5-((H5)+(G5*(H5)^m_)*(m_*G5*(H5)^(m_-1))-(G5*(H5)^m_)*SQRT(1+(m_*G5*(H5)^(m_-1))^2)-(A5))*((H5)*1E-6)/(((H5+((H5)*1E-6))+(G5*(H5+((H5)*1E-6))^m_)*(m_*G5*(H5+((H5)*1E-6))^(m_-1))-(G5*(H5+((H5)*1E-6))^m_)*SQRT(1+(m_*G5*(H5+((H5)*1E-6))^(m_-1))^2)-(A5))-((H5)+(G5*(H5)^m_)*(m_*G5*(H5)^(m_-1))-(G5*(H5)^m_)*SQRT(1+(m_*G5*(H5)^(m_-1))^2)-(A5))) | J5: =I5-((I5)+(G5*(I5)^m_)*(m_*G5*(I5)^(m_-1))-(G5*(I5)^m_)*SQRT(1+(m_*G5*(I5)^(m_-1))^2)-(A5))*((I5)*1E-6)/(((I5+((I5)*1E-6))+(G5*(I5+((I5)*1E-6))^m_)*(m_*G5*(I5+((I5)*1E-6))^(m_-1))-(G5*(I5+((I5)*1E-6))^m_)*SQRT(1+(m_*G5*(I5+((I5)*1E-6))^(m_-1))^2)-(A5))-((I5)+(G5*(I5)^m_)*(m_*G5*(I5)^(m_-1))-(G5*(I5)^m_)*SQRT(1+(m_*G5*(I5)^(m_-1))^2)-(A5))) | K5: =J5-((J5)+(G5*(J5)^m_)*(m_*G5*(J5)^(m_-1))-(G5*(J5)^m_)*SQRT(1+(m_*G5*(J5)^(m_-1))^2)-(A5))*((J5)*1E-6)/(((J5+((J5)*1E-6))+(G5*(J5+((J5)*1E-6))^m_)*(m_*G5*(J5+((J5)*1E-6))^(m_-1))-(G5*(J5+((J5)*1E-6))^m_)*SQRT(1+(m_*G5*(J5+((J5)*1E-6))^(m_-1))^2)-(A5))-((J5)+(G5*(J5)^m_)*(m_*G5*(J5)^(m_-1))-(G5*(J5)^m_)*SQRT(1+(m_*G5*(J5)^(m_-1))^2)-(A5))) | L5: =K5-((K5)+(G5*(K5)^m_)*(m_*G5*(K5)^(m_-1))-(G5*(K5)^m_)*SQRT(1+(m_*G5*(K5)^(m_-1))^2)-(A5))*((K5)*1E-6)/(((K5+((K5)*1E-6))+(G5*(K5+((K5)*1E-6))^m_)*(m_*G5*(K5+((K5)*1E-6))^(m_-1))-(G5*(K5+((K5)*1E-6))^m_)*SQRT(1+(m_*G5*(K5+((K5)*1E-6))^(m_-1))^2)-(A5))-((K5)+(G5*(K5)^m_)*(m_*G5*(K5)^(m_-1))-(G5*(K5)^m_)*SQRT(1+(m_*G5*(K5)^(m_-1))^2)-(A5))) | M5: =L5-((L5)+(G5*(L5)^m_)*(m_*G5*(L5)^(m_-1))-(G5*(L5)^m_)*SQRT(1+(m_*G5*(L5)^(m_-1))^2)-(A5))*((L5)*1E-6)/(((L5+((L5)*1E-6))+(G5*(L5+((L5)*1E-6))^m_)*(m_*G5*(L5+((L5)*1E-6))^(m_-1))-(G5*(L5+((L5)*1E-6))^m_)*SQRT(1+(m_*G5*(L5+((L5)*1E-6))^(m_-1))^2)-(A5))-((L5)+(G5*(L5)^m_)*(m_*G5*(L5)^(m_-1))-(G5*(L5)^m_)*SQRT(1+(m_*G5*(L5)^(m_-1))^2)-(A5))) | N5: =M5-((M5)+(G5*(M5)^m_)*(m_*G5*(M5)^(m_-1))-(G5*(M5)^m_)*SQRT(1+(m_*G5*(M5)^(m_-1))^2)-(A5))*((M5)*1E-6)/(((M5+((M5)*1E-6))+(G5*(M5+((M5)*1E-6))^m_)*(m_*G5*(M5+((M5)*1E-6))^(m_-1))-(G5*(M5+((M5)*1E-6))^m_)*SQRT(1+(m_*G5*(M5+((M5)*1E-6))^(m_-1))^2)-(A5))-((M5)+(G5*(M5)^m_)*(m_*G5*(M5)^(m_-1))-(G5*(M5)^m_)*SQRT(1+(m_*G5*(M5)^(m_-1))^2)-(A5))) | O5: =N5-((N5)+(G5*(N5)^m_)*(m_*G5*(N5)^(m_-1))-(G5*(N5)^m_)*SQRT(1+(m_*G5*(N5)^(m_-1))^2)-(A5))*((N5)*1E-6)/(((N5+((N5)*1E-6))+(G5*(N5+((N5)*1E-6))^m_)*(m_*G5*(N5+((N5)*1E-6))^(m_-1))-(G5*(N5+((N5)*1E-6))^m_)*SQRT(1+(m_*G5*(N5+((N5)*1E-6))^(m_-1))^2)-(A5))-((N5)+(G5*(N5)^m_)*(m_*G5*(N5)^(m_-1))-(G5*(N5)^m_)*SQRT(1+(m_*G5*(N5)^(m_-1))^2)-(A5))) | P5: =O5-((O5)+(G5*(O5)^m_)*(m_*G5*(O5)^(m_-1))-(G5*(O5)^m_)*SQRT(1+(m_*G5*(O5)^(m_-1))^2)-(A5))*((O5)*1E-6)/(((O5+((O5)*1E-6))+(G5*(O5+((O5)*1E-6))^m_)*(m_*G5*(O5+((O5)*1E-6))^(m_-1))-(G5*(O5+((O5)*1E-6))^m_)*SQRT(1+(m_*G5*(O5+((O5)*1E-6))^(m_-1))^2)-(A5))-((O5)+(G5*(O5)^m_)*(m_*G5*(O5)^(m_-1))-(G5*(O5)^m_)*SQRT(1+(m_*G5*(O5)^(m_-1))^2)-(A5))) | Q5: =P5-((P5)+(G5*(P5)^m_)*(m_*G5*(P5)^(m_-1))-(G5*(P5)^m_)*SQRT(1+(m_*G5*(P5)^(m_-1))^2)-(A5))*((P5)*1E-6)/(((P5+((P5)*1E-6))+(G5*(P5+((P5)*1E-6))^m_)*(m_*G5*(P5+((P5)*1E-6))^(m_-1))-(G5*(P5+((P5)*1E-6))^m_)*SQRT(1+(m_*G5*(P5+((P5)*1E-6))^(m_-1))^2)-(A5))-((P5)+(G5*(P5)^m_)*(m_*G5*(P5)^(m_-1))-(G5*(P5)^m_)*SQRT(1+(m_*G5*(P5)^(m_-1))^2)-(A5)))
A6: 5 | B6: =Q6 | C6: =TAN(RADIANS(pe0-omega*e_base))*sref^(1-m_)*B6^m_ | D6: =DEGREES(ATAN(m_*C6/B6)) | E6: =(1-m_)*C6*1000 | F6: =2*C6/COS(RADIANS(D6)) | G6: =TAN(RADIANS(pe0-omega*e_base))*sref^(1-m_) | H6: =2*A6-((2*A6)+(G6*(2*A6)^m_)*(m_*G6*(2*A6)^(m_-1))-(G6*(2*A6)^m_)*SQRT(1+(m_*G6*(2*A6)^(m_-1))^2)-(A6))*((2*A6)*1E-6)/(((2*A6+((2*A6)*1E-6))+(G6*(2*A6+((2*A6)*1E-6))^m_)*(m_*G6*(2*A6+((2*A6)*1E-6))^(m_-1))-(G6*(2*A6+((2*A6)*1E-6))^m_)*SQRT(1+(m_*G6*(2*A6+((2*A6)*1E-6))^(m_-1))^2)-(A6))-((2*A6)+(G6*(2*A6)^m_)*(m_*G6*(2*A6)^(m_-1))-(G6*(2*A6)^m_)*SQRT(1+(m_*G6*(2*A6)^(m_-1))^2)-(A6))) | I6: =H6-((H6)+(G6*(H6)^m_)*(m_*G6*(H6)^(m_-1))-(G6*(H6)^m_)*SQRT(1+(m_*G6*(H6)^(m_-1))^2)-(A6))*((H6)*1E-6)/(((H6+((H6)*1E-6))+(G6*(H6+((H6)*1E-6))^m_)*(m_*G6*(H6+((H6)*1E-6))^(m_-1))-(G6*(H6+((H6)*1E-6))^m_)*SQRT(1+(m_*G6*(H6+((H6)*1E-6))^(m_-1))^2)-(A6))-((H6)+(G6*(H6)^m_)*(m_*G6*(H6)^(m_-1))-(G6*(H6)^m_)*SQRT(1+(m_*G6*(H6)^(m_-1))^2)-(A6))) | J6: =I6-((I6)+(G6*(I6)^m_)*(m_*G6*(I6)^(m_-1))-(G6*(I6)^m_)*SQRT(1+(m_*G6*(I6)^(m_-1))^2)-(A6))*((I6)*1E-6)/(((I6+((I6)*1E-6))+(G6*(I6+((I6)*1E-6))^m_)*(m_*G6*(I6+((I6)*1E-6))^(m_-1))-(G6*(I6+((I6)*1E-6))^m_)*SQRT(1+(m_*G6*(I6+((I6)*1E-6))^(m_-1))^2)-(A6))-((I6)+(G6*(I6)^m_)*(m_*G6*(I6)^(m_-1))-(G6*(I6)^m_)*SQRT(1+(m_*G6*(I6)^(m_-1))^2)-(A6))) | K6: =J6-((J6)+(G6*(J6)^m_)*(m_*G6*(J6)^(m_-1))-(G6*(J6)^m_)*SQRT(1+(m_*G6*(J6)^(m_-1))^2)-(A6))*((J6)*1E-6)/(((J6+((J6)*1E-6))+(G6*(J6+((J6)*1E-6))^m_)*(m_*G6*(J6+((J6)*1E-6))^(m_-1))-(G6*(J6+((J6)*1E-6))^m_)*SQRT(1+(m_*G6*(J6+((J6)*1E-6))^(m_-1))^2)-(A6))-((J6)+(G6*(J6)^m_)*(m_*G6*(J6)^(m_-1))-(G6*(J6)^m_)*SQRT(1+(m_*G6*(J6)^(m_-1))^2)-(A6))) | L6: =K6-((K6)+(G6*(K6)^m_)*(m_*G6*(K6)^(m_-1))-(G6*(K6)^m_)*SQRT(1+(m_*G6*(K6)^(m_-1))^2)-(A6))*((K6)*1E-6)/(((K6+((K6)*1E-6))+(G6*(K6+((K6)*1E-6))^m_)*(m_*G6*(K6+((K6)*1E-6))^(m_-1))-(G6*(K6+((K6)*1E-6))^m_)*SQRT(1+(m_*G6*(K6+((K6)*1E-6))^(m_-1))^2)-(A6))-((K6)+(G6*(K6)^m_)*(m_*G6*(K6)^(m_-1))-(G6*(K6)^m_)*SQRT(1+(m_*G6*(K6)^(m_-1))^2)-(A6))) | M6: =L6-((L6)+(G6*(L6)^m_)*(m_*G6*(L6)^(m_-1))-(G6*(L6)^m_)*SQRT(1+(m_*G6*(L6)^(m_-1))^2)-(A6))*((L6)*1E-6)/(((L6+((L6)*1E-6))+(G6*(L6+((L6)*1E-6))^m_)*(m_*G6*(L6+((L6)*1E-6))^(m_-1))-(G6*(L6+((L6)*1E-6))^m_)*SQRT(1+(m_*G6*(L6+((L6)*1E-6))^(m_-1))^2)-(A6))-((L6)+(G6*(L6)^m_)*(m_*G6*(L6)^(m_-1))-(G6*(L6)^m_)*SQRT(1+(m_*G6*(L6)^(m_-1))^2)-(A6))) | N6: =M6-((M6)+(G6*(M6)^m_)*(m_*G6*(M6)^(m_-1))-(G6*(M6)^m_)*SQRT(1+(m_*G6*(M6)^(m_-1))^2)-(A6))*((M6)*1E-6)/(((M6+((M6)*1E-6))+(G6*(M6+((M6)*1E-6))^m_)*(m_*G6*(M6+((M6)*1E-6))^(m_-1))-(G6*(M6+((M6)*1E-6))^m_)*SQRT(1+(m_*G6*(M6+((M6)*1E-6))^(m_-1))^2)-(A6))-((M6)+(G6*(M6)^m_)*(m_*G6*(M6)^(m_-1))-(G6*(M6)^m_)*SQRT(1+(m_*G6*(M6)^(m_-1))^2)-(A6))) | O6: =N6-((N6)+(G6*(N6)^m_)*(m_*G6*(N6)^(m_-1))-(G6*(N6)^m_)*SQRT(1+(m_*G6*(N6)^(m_-1))^2)-(A6))*((N6)*1E-6)/(((N6+((N6)*1E-6))+(G6*(N6+((N6)*1E-6))^m_)*(m_*G6*(N6+((N6)*1E-6))^(m_-1))-(G6*(N6+((N6)*1E-6))^m_)*SQRT(1+(m_*G6*(N6+((N6)*1E-6))^(m_-1))^2)-(A6))-((N6)+(G6*(N6)^m_)*(m_*G6*(N6)^(m_-1))-(G6*(N6)^m_)*SQRT(1+(m_*G6*(N6)^(m_-1))^2)-(A6))) | P6: =O6-((O6)+(G6*(O6)^m_)*(m_*G6*(O6)^(m_-1))-(G6*(O6)^m_)*SQRT(1+(m_*G6*(O6)^(m_-1))^2)-(A6))*((O6)*1E-6)/(((O6+((O6)*1E-6))+(G6*(O6+((O6)*1E-6))^m_)*(m_*G6*(O6+((O6)*1E-6))^(m_-1))-(G6*(O6+((O6)*1E-6))^m_)*SQRT(1+(m_*G6*(O6+((O6)*1E-6))^(m_-1))^2)-(A6))-((O6)+(G6*(O6)^m_)*(m_*G6*(O6)^(m_-1))-(G6*(O6)^m_)*SQRT(1+(m_*G6*(O6)^(m_-1))^2)-(A6))) | Q6: =P6-((P6)+(G6*(P6)^m_)*(m_*G6*(P6)^(m_-1))-(G6*(P6)^m_)*SQRT(1+(m_*G6*(P6)^(m_-1))^2)-(A6))*((P6)*1E-6)/(((P6+((P6)*1E-6))+(G6*(P6+((P6)*1E-6))^m_)*(m_*G6*(P6+((P6)*1E-6))^(m_-1))-(G6*(P6+((P6)*1E-6))^m_)*SQRT(1+(m_*G6*(P6+((P6)*1E-6))^(m_-1))^2)-(A6))-((P6)+(G6*(P6)^m_)*(m_*G6*(P6)^(m_-1))-(G6*(P6)^m_)*SQRT(1+(m_*G6*(P6)^(m_-1))^2)-(A6)))
A8: σ′n de tangencia: σ′3 = σ′n + τ·tan φ′t − τ·√(1 + tan² φ′t), resuelta con 10 pasos de Newton (columnas H a Q); tan φ′t = m·τ/σ′n, c′t = (1 − m)·τ.

Sheet Relacion_vacios
A1: Material | B1: Fuente | C1: γ (kN/m³) | D1: w | E1: Gs | F1: γw | G1: e
A2: ROM | B2: SDA, INF-115-R-0005 (Stantec 2025), valor adoptado | C2: 20 | D2: 0.029 | E2: 2.75 | F2: 9.81 | G2: =E2*F2*(1+D2)/C2-1
A3: ROM | B3: DDE, INF-115-R-0004, Tabla 9-3 | C3: 19.6 | D3: 0.029 | E3: 2.75 | F3: 9.81 | G3: =E3*F3*(1+D3)/C3-1
A4: ROM | B4: Golder 2010, citado en el DDE (p. 59) | C4: 20.75 | D4: 0.029 | E4: 2.75 | F4: 9.81 | G4: =E4*F4*(1+D4)/C4-1
A5: Chancado | B5: Golder 2010, citado en el DDE | C5: 21.66 | D5: 0.028 | E5: 2.75 | F5: 9.81 | G5: =E5*F5*(1+D5)/C5-1
A6: Chancado | B6: SDA, valor adoptado | C6: 22 | D6: 0.028 | E6: 2.75 | F6: 9.81 | G6: =E6*F6*(1+D6)/C6-1
A7: Enrocado 3B | B7: DDE y SDA | C7: 22 | D7: 0.029 | E7: 2.75 | F7: 9.81 | G7: =E7*F7*(1+D7)/C7-1

Sheet Perfiles_e
A1: Profundidad (m) | B1: σ′v perfil A (MPa) | C1: e perfil A | D1: σ′v perfil V (MPa) | E1: e perfil V | G1: Valenzuela et al. (2008), curva de diseño (lectura de la figura): altura (m) | H1: γd (t/m³)
A2: 0 | B2: 0 | C2: 0.45 | D2: 0 | E2: 0.45 | G2: 0 | H2: 1.84
A3: 10 | B3: 0.19798781 | C3: 0.40532824 | D3: 0.19611342 | E3: 0.4382008 | G3: 40 | H3: 1.9
A4: 20 | B4: 0.40132155 | C4: 0.38239293 | D4: 0.3938421 | E4: 0.4264016 | G4: 80 | H4: 1.95
A5: 30 | B5: 0.6072499 | C5: 0.36894847 | D5: 0.59321286 | E5: 0.4146024 | G5: 120 | H5: 2
A6: 40 | B6: 0.81489381 | C6: 0.35940123 | D6: 0.7942532 | E6: 0.4028032 | G6: 160 | H6: 2.05
A7: 50 | B7: 1.0238324 | C7: 0.35158479 | D7: 0.99681725 | E7: 0.3935252 | G7: 200 | H7: 2.1
A8: 60 | B8: 1.2341207 | C8: 0.34229057 | D8: 1.2007342 | E8: 0.3842472 | G8: 240 | H8: 2.14
A9: 70 | B9: 1.4457569 | C9: 0.3344159 | D9: 1.4060224 | E9: 0.3749692 | G9: 280 | H9: 2.18
A10: 80 | B10: 1.6585623 | C10: 0.32758387 | D10: 1.6127002 | E10: 0.36569119 | G10: 320 | H10: 2.21
A11: 90 | B11: 1.8724016 | C11: 0.32155025 | D11: 1.820753 | E11: 0.35687709 | G11: 360 | H11: 2.24
A12: 100 | B12: 2.0871686 | C12: 0.31614771 | D12: 2.0301614 | E12: 0.34806299 | G12: 400 | H12: 2.27
A13: 110 | B13: 2.3027776 | C13: 0.31125658 | D13: 2.2409433 | E13: 0.33924889 | G13: 440 | H13: 2.3
... A17: 150 | B17: 3.1723771 | C17: 0.29531735 | D17: 3.0978611 | E17: 0.30528234 | G17: 600 | H17: 2.37
A18: 160 | B18: 3.3913298 | C18: 0.29199676 | D18: 3.3155394 | E18: 0.2968982
A19: 170 | B19: 3.6108293 | C19: 0.28887647 | D19: 3.5345971 | E19: 0.2889133
A20: 180 | B20: 3.8308461 | C20: 0.28593365 | D20: 3.7550158 | E20: 0.28092839
A21: 190 | B21: 4.0513538 | C21: 0.28314918 | D21: 3.9768127 | E21: 0.27294349
A22: 200 | B22: 4.2723286 | C22: 0.28050689 | D22: 4.200005 | E22: 0.26495859
A23: 210 | B23: 4.4937491 | C23: 0.27799293 | D23: 4.4244524 | E23: 0.25883932
A24: 220 | B24: 4.7155958 | C24: 0.27559542 | D24: 4.6499934 | E24: 0.25272005
A25: 230 | B25: 4.9378509 | C25: 0.27330404 | D25: 4.8766387 | E25: 0.24660078
A26: 240 | B26: 5.1604981 | C26: 0.27110977 | D26: 5.1043991 | E26: 0.24048151
A27: 250 | B27: 5.3835225 | C27: 0.26900472 | D27: 5.333266 | E27: 0.2345868
A28: 260 | B28: 5.6069101 | C28: 0.26698191 | D28: 5.5632281 | E28: 0.22869209
A29: 270 | B29: 5.8306481 | C29: 0.26503514 | D29: 5.794296 | E29: 0.22279738
... A62: 600 | B62: 13.35926 | C62: 0.22378557 | D62: 13.860662 | E62: 0.11577234
A63: 610 | B63: 13.590803 | C63: 0.22293064 | D63: 14.114535
A64: 620 | B64: 13.822506 | C64: 0.22208957 | D64: 14.368407
A65: 630 | B65: 14.054367 | C65: 0.22126192 | D65: 14.622279
A66: 640 | B66: 14.286384 | C66: 0.22044727 | D66: 14.876152
A67: 650 | B67: 14.518555 | C67: 0.21964522 | D67: 15.130024
A68: 660 | B68: 14.750878 | C68: 0.21885538 | D68: 15.383896
A69: 670 | B69: 14.98335 | C69: 0.21807739 | D69: 15.637769
A70: 680 | B70: 15.215969 | C70: 0.21731089 | D70: 15.891641
A71: 690 | B71: 15.448734 | C71: 0.21655556 | D71: 16.145513
A72: 700 | B72: 15.681643 | C72: 0.21581106 | D72: 16.399386

Sheet Edometros
A1: Ensayo | B1: Diámetro (mm) | C1: e0 | D1: Cc1 (0.2–0.8 MPa) | E1: Cc2 (1.2–4.8 MPa) | F1: e a 300 m | G1: e a 700 m
A2: INT-edo-0.6m-C4 (IDIEM/WSP) | B2: 600 | C2: 0.425 | D2: 0.07309586 | E2: 0.073085778 | F2: 0.29597488 | G2: 0.2684172
A3: HF-edo-1.0m (IDIEM) | B3: 1000 | C3: 0.238 | D3: 0.017013484 | E3: 0.054922626 | F3: 0.38495369 | G3: 0.36441979
A4: MN-edo-1.0m-2021 (IDIEM) | B4: 1000 | C4: 0.238 | D4: 0.020117992 | E4: 0.047932227 | F4: 0.38636274 | G4: 0.36847565
A5: MN-edo-1.0m-2011 (IDIEM 708.397-A) | B5: 949.7 | C5: 0.286 | D5: 0.032908761 | E5: 0.12243881 | F5: 0.30961753 | G5: 0.26284507
A6: MN-edo-0.24m-1.86 (Golder Test 1) | B6: 241 | C6: 0.455 | D6: 0.074743382 | E6: 0.11456125 | F6: 0.25959879 | G6: 0.21581106
A7: HF-edo-0.24m-2.1 (Golder) | B7: 240 | C7: 0.317 | D7: 0.013360128 | E7: 0.094475272 | F7: 0.35844215 | G7: 0.32271315
A8: HF-edo-0.24m-1.8 (Golder) | B8: 240 | C8: 0.532 | D8: 0.11818205 | E8: 0.10689039 | F8: 0.20742846 | G8: 0.16654565
A9: MN-edo-0.24m-2.3 (Golder) | B9: 240 | C9: 0.178 | D9: 0.01670016 | E9: 0.040293859 | F9: 0.39687251 | G9: 0.38187094

Sheet Tamano_particula
A1: D lab (mm) | B1: m_w | C1: D campo (mm) | D1: λ = (Dlab/Dcampo)^(3/mw) | E1: Factor sobre τ = λ^(1−m) | F1: φ′1 (°) | G1: Diferencia (°)
A2: 178 | B2: 4 | C2: 1000 | D2: =(A2/C2)^(3/B2) | E2: =D2^(1-m_) | F2: =DEGREES(ATAN(E2*TAN(RADIANS(pe0-omega*e_base)))) | G2: =F2-(pe0-omega*e_base)
A3: 178 | B3: 6.6667 | C3: 1000 | D3: =(A3/C3)^(3/B3) | E3: =D3^(1-m_) | F3: =DEGREES(ATAN(E3*TAN(RADIANS(pe0-omega*e_base)))) | G3: =F3-(pe0-omega*e_base)
A4: 178 | B4: 10 | C4: 1000 | D4: =(A4/C4)^(3/B4) | E4: =D4^(1-m_) | F4: =DEGREES(ATAN(E4*TAN(RADIANS(pe0-omega*e_base)))) | G4: =F4-(pe0-omega*e_base)
A5: 102 | B5: 4 | C5: 1000 | D5: =(A5/C5)^(3/B5) | E5: =D5^(1-m_) | F5: =DEGREES(ATAN(E5*TAN(RADIANS(pe0-omega*e_base)))) | G5: =F5-(pe0-omega*e_base)
A6: 102 | B6: 6.6667 | C6: 1000 | D6: =(A6/C6)^(3/B6) | E6: =D6^(1-m_) | F6: =DEGREES(ATAN(E6*TAN(RADIANS(pe0-omega*e_base)))) | G6: =F6-(pe0-omega*e_base)
A7: 102 | B7: 10 | C7: 1000 | D7: =(A7/C7)^(3/B7) | E7: =D7^(1-m_) | F7: =DEGREES(ATAN(E7*TAN(RADIANS(pe0-omega*e_base)))) | G7: =F7-(pe0-omega*e_base)
A8: 25 | B8: 4 | C8: 1000 | D8: =(A8/C8)^(3/B8) | E8: =D8^(1-m_) | F8: =DEGREES(ATAN(E8*TAN(RADIANS(pe0-omega*e_base)))) | G8: =F8-(pe0-omega*e_base)
A9: 25 | B9: 6.6667 | C9: 1000 | D9: =(A9/C9)^(3/B9) | E9: =D9^(1-m_) | F9: =DEGREES(ATAN(E9*TAN(RADIANS(pe0-omega*e_base)))) | G9: =F9-(pe0-omega*e_base)
A10: 25 | B10: 10 | C10: 1000 | D10: =(A10/C10)^(3/B10) | E10: =D10^(1-m_) | F10: =DEGREES(ATAN(E10*TAN(RADIANS(pe0-omega*e_base)))) | G10: =F10-(pe0-omega*e_base)

Sheet Datos_figuras
